身分,日期,區域別,原住民族,人口數
不分平地山地,2011-12-31,新北市,阿美族,29619
不分平地山地,2011-12-31,新北市,泰雅族,6649
不分平地山地,2011-12-31,新北市,排灣族,3784
不分平地山地,2011-12-31,新北市,布農族,3283
不分平地山地,2011-12-31,新北市,魯凱族,472
不分平地山地,2011-12-31,新北市,卑南族,1095
不分平地山地,2011-12-31,新北市,鄒族,179
不分平地山地,2011-12-31,新北市,賽夏族,436
不分平地山地,2011-12-31,新北市,雅美族,79
不分平地山地,2011-12-31,新北市,邵族,46
不分平地山地,2011-12-31,新北市,噶瑪蘭族,244
不分平地山地,2011-12-31,新北市,太魯閣族,1648
不分平地山地,2011-12-31,新北市,撒奇萊雅族,28
不分平地山地,2011-12-31,新北市,賽德克族,135
不分平地山地,2011-12-31,新北市,拉阿魯哇族,0
不分平地山地,2011-12-31,新北市,卡那卡那富族,0
不分平地山地,2011-12-31,新北市,尚未申報,2791
不分平地山地,2011-12-31,臺北市,阿美族,6414
不分平地山地,2011-12-31,臺北市,泰雅族,2245
不分平地山地,2011-12-31,臺北市,排灣族,1274
不分平地山地,2011-12-31,臺北市,布農族,834
不分平地山地,2011-12-31,臺北市,魯凱族,200
不分平地山地,2011-12-31,臺北市,卑南族,378
不分平地山地,2011-12-31,臺北市,鄒族,133
不分平地山地,2011-12-31,臺北市,賽夏族,128
不分平地山地,2011-12-31,臺北市,雅美族,35
不分平地山地,2011-12-31,臺北市,邵族,14
不分平地山地,2011-12-31,臺北市,噶瑪蘭族,35
不分平地山地,2011-12-31,臺北市,太魯閣族,642
不分平地山地,2011-12-31,臺北市,撒奇萊雅族,20
不分平地山地,2011-12-31,臺北市,賽德克族,119
不分平地山地,2011-12-31,臺北市,拉阿魯哇族,0
不分平地山地,2011-12-31,臺北市,卡那卡那富族,0
不分平地山地,2011-12-31,臺北市,尚未申報,1869
不分平地山地,2011-12-31,臺中市,阿美族,8338
不分平地山地,2011-12-31,臺中市,泰雅族,8212
不分平地山地,2011-12-31,臺中市,排灣族,5585
不分平地山地,2011-12-31,臺中市,布農族,3546
不分平地山地,2011-12-31,臺中市,魯凱族,393
不分平地山地,2011-12-31,臺中市,卑南族,546
不分平地山地,2011-12-31,臺中市,鄒族,250
不分平地山地,2011-12-31,臺中市,賽夏族,163
不分平地山地,2011-12-31,臺中市,雅美族,55
不分平地山地,2011-12-31,臺中市,邵族,120
不分平地山地,2011-12-31,臺中市,噶瑪蘭族,27
不分平地山地,2011-12-31,臺中市,太魯閣族,469
不分平地山地,2011-12-31,臺中市,撒奇萊雅族,9
不分平地山地,2011-12-31,臺中市,賽德克族,352
不分平地山地,2011-12-31,臺中市,拉阿魯哇族,0
不分平地山地,2011-12-31,臺中市,卡那卡那富族,0
不分平地山地,2011-12-31,臺中市,尚未申報,752
不分平地山地,2011-12-31,臺南市,阿美族,1862
不分平地山地,2011-12-31,臺南市,泰雅族,510
不分平地山地,2011-12-31,臺南市,排灣族,1924
不分平地山地,2011-12-31,臺南市,布農族,830
不分平地山地,2011-12-31,臺南市,魯凱族,157
不分平地山地,2011-12-31,臺南市,卑南族,274
不分平地山地,2011-12-31,臺南市,鄒族,95
不分平地山地,2011-12-31,臺南市,賽夏族,20
不分平地山地,2011-12-31,臺南市,雅美族,15
不分平地山地,2011-12-31,臺南市,邵族,15
不分平地山地,2011-12-31,臺南市,噶瑪蘭族,10
不分平地山地,2011-12-31,臺南市,太魯閣族,164
不分平地山地,2011-12-31,臺南市,撒奇萊雅族,4
不分平地山地,2011-12-31,臺南市,賽德克族,33
不分平地山地,2011-12-31,臺南市,拉阿魯哇族,0
不分平地山地,2011-12-31,臺南市,卡那卡那富族,0
不分平地山地,2011-12-31,臺南市,尚未申報,200
不分平地山地,2011-12-31,高雄市,阿美族,8267
不分平地山地,2011-12-31,高雄市,泰雅族,1155
不分平地山地,2011-12-31,高雄市,排灣族,7166
不分平地山地,2011-12-31,高雄市,布農族,8731
不分平地山地,2011-12-31,高雄市,魯凱族,2542
不分平地山地,2011-12-31,高雄市,卑南族,629
不分平地山地,2011-12-31,高雄市,鄒族,1115
不分平地山地,2011-12-31,高雄市,賽夏族,45
不分平地山地,2011-12-31,高雄市,雅美族,33
不分平地山地,2011-12-31,高雄市,邵族,12
不分平地山地,2011-12-31,高雄市,噶瑪蘭族,26
不分平地山地,2011-12-31,高雄市,太魯閣族,402
不分平地山地,2011-12-31,高雄市,撒奇萊雅族,6
不分平地山地,2011-12-31,高雄市,賽德克族,55
不分平地山地,2011-12-31,高雄市,拉阿魯哇族,0
不分平地山地,2011-12-31,高雄市,卡那卡那富族,0
不分平地山地,2011-12-31,高雄市,尚未申報,217
不分平地山地,2011-12-31,宜蘭縣,阿美族,1730
不分平地山地,2011-12-31,宜蘭縣,泰雅族,11631
不分平地山地,2011-12-31,宜蘭縣,排灣族,244
不分平地山地,2011-12-31,宜蘭縣,布農族,234
不分平地山地,2011-12-31,宜蘭縣,魯凱族,39
不分平地山地,2011-12-31,宜蘭縣,卑南族,84
不分平地山地,2011-12-31,宜蘭縣,鄒族,15
不分平地山地,2011-12-31,宜蘭縣,賽夏族,14
不分平地山地,2011-12-31,宜蘭縣,雅美族,9
不分平地山地,2011-12-31,宜蘭縣,邵族,1
不分平地山地,2011-12-31,宜蘭縣,噶瑪蘭族,6
不分平地山地,2011-12-31,宜蘭縣,太魯閣族,343
不分平地山地,2011-12-31,宜蘭縣,撒奇萊雅族,7
不分平地山地,2011-12-31,宜蘭縣,賽德克族,18
不分平地山地,2011-12-31,宜蘭縣,拉阿魯哇族,0
不分平地山地,2011-12-31,宜蘭縣,卡那卡那富族,0
不分平地山地,2011-12-31,宜蘭縣,尚未申報,1239
不分平地山地,2011-12-31,桃園市,阿美族,28753
不分平地山地,2011-12-31,桃園市,泰雅族,18209
不分平地山地,2011-12-31,桃園市,排灣族,4365
不分平地山地,2011-12-31,桃園市,布農族,3346
不分平地山地,2011-12-31,桃園市,魯凱族,446
不分平地山地,2011-12-31,桃園市,卑南族,825
不分平地山地,2011-12-31,桃園市,鄒族,143
不分平地山地,2011-12-31,桃園市,賽夏族,907
不分平地山地,2011-12-31,桃園市,雅美族,73
不分平地山地,2011-12-31,桃園市,邵族,16
不分平地山地,2011-12-31,桃園市,噶瑪蘭族,121
不分平地山地,2011-12-31,桃園市,太魯閣族,1425
不分平地山地,2011-12-31,桃園市,撒奇萊雅族,39
不分平地山地,2011-12-31,桃園市,賽德克族,182
不分平地山地,2011-12-31,桃園市,拉阿魯哇族,0
不分平地山地,2011-12-31,桃園市,卡那卡那富族,0
不分平地山地,2011-12-31,桃園市,尚未申報,2194
不分平地山地,2011-12-31,新竹縣,阿美族,1497
不分平地山地,2011-12-31,新竹縣,泰雅族,15294
不分平地山地,2011-12-31,新竹縣,排灣族,430
不分平地山地,2011-12-31,新竹縣,布農族,308
不分平地山地,2011-12-31,新竹縣,魯凱族,58
不分平地山地,2011-12-31,新竹縣,卑南族,105
不分平地山地,2011-12-31,新竹縣,鄒族,25
不分平地山地,2011-12-31,新竹縣,賽夏族,1521
不分平地山地,2011-12-31,新竹縣,雅美族,16
不分平地山地,2011-12-31,新竹縣,邵族,6
不分平地山地,2011-12-31,新竹縣,噶瑪蘭族,9
不分平地山地,2011-12-31,新竹縣,太魯閣族,154
不分平地山地,2011-12-31,新竹縣,撒奇萊雅族,1
不分平地山地,2011-12-31,新竹縣,賽德克族,28
不分平地山地,2011-12-31,新竹縣,拉阿魯哇族,0
不分平地山地,2011-12-31,新竹縣,卡那卡那富族,0
不分平地山地,2011-12-31,新竹縣,尚未申報,519
不分平地山地,2011-12-31,苗栗縣,阿美族,1143
不分平地山地,2011-12-31,苗栗縣,泰雅族,6147
不分平地山地,2011-12-31,苗栗縣,排灣族,326
不分平地山地,2011-12-31,苗栗縣,布農族,294
不分平地山地,2011-12-31,苗栗縣,魯凱族,12
不分平地山地,2011-12-31,苗栗縣,卑南族,83
不分平地山地,2011-12-31,苗栗縣,鄒族,22
不分平地山地,2011-12-31,苗栗縣,賽夏族,2398
不分平地山地,2011-12-31,苗栗縣,雅美族,8
不分平地山地,2011-12-31,苗栗縣,邵族,14
不分平地山地,2011-12-31,苗栗縣,噶瑪蘭族,12
不分平地山地,2011-12-31,苗栗縣,太魯閣族,86
不分平地山地,2011-12-31,苗栗縣,撒奇萊雅族,3
不分平地山地,2011-12-31,苗栗縣,賽德克族,17
不分平地山地,2011-12-31,苗栗縣,拉阿魯哇族,0
不分平地山地,2011-12-31,苗栗縣,卡那卡那富族,0
不分平地山地,2011-12-31,苗栗縣,尚未申報,182
不分平地山地,2011-12-31,彰化縣,阿美族,1864
不分平地山地,2011-12-31,彰化縣,泰雅族,412
不分平地山地,2011-12-31,彰化縣,排灣族,1188
不分平地山地,2011-12-31,彰化縣,布農族,862
不分平地山地,2011-12-31,彰化縣,魯凱族,123
不分平地山地,2011-12-31,彰化縣,卑南族,184
不分平地山地,2011-12-31,彰化縣,鄒族,44
不分平地山地,2011-12-31,彰化縣,賽夏族,19
不分平地山地,2011-12-31,彰化縣,雅美族,12
不分平地山地,2011-12-31,彰化縣,邵族,19
不分平地山地,2011-12-31,彰化縣,噶瑪蘭族,20
不分平地山地,2011-12-31,彰化縣,太魯閣族,102
不分平地山地,2011-12-31,彰化縣,撒奇萊雅族,0
不分平地山地,2011-12-31,彰化縣,賽德克族,44
不分平地山地,2011-12-31,彰化縣,拉阿魯哇族,0
不分平地山地,2011-12-31,彰化縣,卡那卡那富族,0
不分平地山地,2011-12-31,彰化縣,尚未申報,196
不分平地山地,2011-12-31,南投縣,阿美族,789
不分平地山地,2011-12-31,南投縣,泰雅族,6441
不分平地山地,2011-12-31,南投縣,排灣族,426
不分平地山地,2011-12-31,南投縣,布農族,13781
不分平地山地,2011-12-31,南投縣,魯凱族,76
不分平地山地,2011-12-31,南投縣,卑南族,64
不分平地山地,2011-12-31,南投縣,鄒族,248
不分平地山地,2011-12-31,南投縣,賽夏族,49
不分平地山地,2011-12-31,南投縣,雅美族,5
不分平地山地,2011-12-31,南投縣,邵族,420
不分平地山地,2011-12-31,南投縣,噶瑪蘭族,2
不分平地山地,2011-12-31,南投縣,太魯閣族,92
不分平地山地,2011-12-31,南投縣,撒奇萊雅族,0
不分平地山地,2011-12-31,南投縣,賽德克族,5937
不分平地山地,2011-12-31,南投縣,拉阿魯哇族,0
不分平地山地,2011-12-31,南投縣,卡那卡那富族,0
不分平地山地,2011-12-31,南投縣,尚未申報,39
不分平地山地,2011-12-31,雲林縣,阿美族,760
不分平地山地,2011-12-31,雲林縣,泰雅族,245
不分平地山地,2011-12-31,雲林縣,排灣族,346
不分平地山地,2011-12-31,雲林縣,布農族,215
不分平地山地,2011-12-31,雲林縣,魯凱族,33
不分平地山地,2011-12-31,雲林縣,卑南族,39
不分平地山地,2011-12-31,雲林縣,鄒族,48
不分平地山地,2011-12-31,雲林縣,賽夏族,12
不分平地山地,2011-12-31,雲林縣,雅美族,3
不分平地山地,2011-12-31,雲林縣,邵族,0
不分平地山地,2011-12-31,雲林縣,噶瑪蘭族,4
不分平地山地,2011-12-31,雲林縣,太魯閣族,78
不分平地山地,2011-12-31,雲林縣,撒奇萊雅族,0
不分平地山地,2011-12-31,雲林縣,賽德克族,8
不分平地山地,2011-12-31,雲林縣,拉阿魯哇族,0
不分平地山地,2011-12-31,雲林縣,卡那卡那富族,0
不分平地山地,2011-12-31,雲林縣,尚未申報,91
不分平地山地,2011-12-31,嘉義縣,阿美族,481
不分平地山地,2011-12-31,嘉義縣,泰雅族,181
不分平地山地,2011-12-31,嘉義縣,排灣族,292
不分平地山地,2011-12-31,嘉義縣,布農族,240
不分平地山地,2011-12-31,嘉義縣,魯凱族,29
不分平地山地,2011-12-31,嘉義縣,卑南族,48
不分平地山地,2011-12-31,嘉義縣,鄒族,4015
不分平地山地,2011-12-31,嘉義縣,賽夏族,27
不分平地山地,2011-12-31,嘉義縣,雅美族,3
不分平地山地,2011-12-31,嘉義縣,邵族,19
不分平地山地,2011-12-31,嘉義縣,噶瑪蘭族,2
不分平地山地,2011-12-31,嘉義縣,太魯閣族,46
不分平地山地,2011-12-31,嘉義縣,撒奇萊雅族,1
不分平地山地,2011-12-31,嘉義縣,賽德克族,15
不分平地山地,2011-12-31,嘉義縣,拉阿魯哇族,0
不分平地山地,2011-12-31,嘉義縣,卡那卡那富族,0
不分平地山地,2011-12-31,嘉義縣,尚未申報,148
不分平地山地,2011-12-31,屏東縣,阿美族,1887
不分平地山地,2011-12-31,屏東縣,泰雅族,393
不分平地山地,2011-12-31,屏東縣,排灣族,46874
不分平地山地,2011-12-31,屏東縣,布農族,547
不分平地山地,2011-12-31,屏東縣,魯凱族,5607
不分平地山地,2011-12-31,屏東縣,卑南族,168
不分平地山地,2011-12-31,屏東縣,鄒族,75
不分平地山地,2011-12-31,屏東縣,賽夏族,26
不分平地山地,2011-12-31,屏東縣,雅美族,14
不分平地山地,2011-12-31,屏東縣,邵族,3
不分平地山地,2011-12-31,屏東縣,噶瑪蘭族,7
不分平地山地,2011-12-31,屏東縣,太魯閣族,110
不分平地山地,2011-12-31,屏東縣,撒奇萊雅族,4
不分平地山地,2011-12-31,屏東縣,賽德克族,9
不分平地山地,2011-12-31,屏東縣,拉阿魯哇族,0
不分平地山地,2011-12-31,屏東縣,卡那卡那富族,0
不分平地山地,2011-12-31,屏東縣,尚未申報,1355
不分平地山地,2011-12-31,臺東縣,阿美族,37337
不分平地山地,2011-12-31,臺東縣,泰雅族,409
不分平地山地,2011-12-31,臺東縣,排灣族,16385
不分平地山地,2011-12-31,臺東縣,布農族,8164
不分平地山地,2011-12-31,臺東縣,魯凱族,2011
不分平地山地,2011-12-31,臺東縣,卑南族,7461
不分平地山地,2011-12-31,臺東縣,鄒族,43
不分平地山地,2011-12-31,臺東縣,賽夏族,48
不分平地山地,2011-12-31,臺東縣,雅美族,3861
不分平地山地,2011-12-31,臺東縣,邵族,2
不分平地山地,2011-12-31,臺東縣,噶瑪蘭族,105
不分平地山地,2011-12-31,臺東縣,太魯閣族,166
不分平地山地,2011-12-31,臺東縣,撒奇萊雅族,5
不分平地山地,2011-12-31,臺東縣,賽德克族,17
不分平地山地,2011-12-31,臺東縣,拉阿魯哇族,0
不分平地山地,2011-12-31,臺東縣,卡那卡那富族,0
不分平地山地,2011-12-31,臺東縣,尚未申報,3767
不分平地山地,2011-12-31,花蓮縣,阿美族,51689
不分平地山地,2011-12-31,花蓮縣,泰雅族,2716
不分平地山地,2011-12-31,花蓮縣,排灣族,692
不分平地山地,2011-12-31,花蓮縣,布農族,7731
不分平地山地,2011-12-31,花蓮縣,魯凱族,59
不分平地山地,2011-12-31,花蓮縣,卑南族,389
不分平地山地,2011-12-31,花蓮縣,鄒族,34
不分平地山地,2011-12-31,花蓮縣,賽夏族,44
不分平地山地,2011-12-31,花蓮縣,雅美族,15
不分平地山地,2011-12-31,花蓮縣,邵族,0
不分平地山地,2011-12-31,花蓮縣,噶瑪蘭族,629
不分平地山地,2011-12-31,花蓮縣,太魯閣族,21378
不分平地山地,2011-12-31,花蓮縣,撒奇萊雅族,490
不分平地山地,2011-12-31,花蓮縣,賽德克族,692
不分平地山地,2011-12-31,花蓮縣,拉阿魯哇族,0
不分平地山地,2011-12-31,花蓮縣,卡那卡那富族,0
不分平地山地,2011-12-31,花蓮縣,尚未申報,4362
不分平地山地,2011-12-31,澎湖縣,阿美族,130
不分平地山地,2011-12-31,澎湖縣,泰雅族,50
不分平地山地,2011-12-31,澎湖縣,排灣族,66
不分平地山地,2011-12-31,澎湖縣,布農族,26
不分平地山地,2011-12-31,澎湖縣,魯凱族,5
不分平地山地,2011-12-31,澎湖縣,卑南族,14
不分平地山地,2011-12-31,澎湖縣,鄒族,7
不分平地山地,2011-12-31,澎湖縣,賽夏族,1
不分平地山地,2011-12-31,澎湖縣,雅美族,1
不分平地山地,2011-12-31,澎湖縣,邵族,0
不分平地山地,2011-12-31,澎湖縣,噶瑪蘭族,0
不分平地山地,2011-12-31,澎湖縣,太魯閣族,21
不分平地山地,2011-12-31,澎湖縣,撒奇萊雅族,0
不分平地山地,2011-12-31,澎湖縣,賽德克族,2
不分平地山地,2011-12-31,澎湖縣,拉阿魯哇族,0
不分平地山地,2011-12-31,澎湖縣,卡那卡那富族,0
不分平地山地,2011-12-31,澎湖縣,尚未申報,0
不分平地山地,2011-12-31,基隆市,阿美族,7031
不分平地山地,2011-12-31,基隆市,泰雅族,536
不分平地山地,2011-12-31,基隆市,排灣族,211
不分平地山地,2011-12-31,基隆市,布農族,241
不分平地山地,2011-12-31,基隆市,魯凱族,9
不分平地山地,2011-12-31,基隆市,卑南族,93
不分平地山地,2011-12-31,基隆市,鄒族,26
不分平地山地,2011-12-31,基隆市,賽夏族,16
不分平地山地,2011-12-31,基隆市,雅美族,8
不分平地山地,2011-12-31,基隆市,邵族,4
不分平地山地,2011-12-31,基隆市,噶瑪蘭族,10
不分平地山地,2011-12-31,基隆市,太魯閣族,152
不分平地山地,2011-12-31,基隆市,撒奇萊雅族,4
不分平地山地,2011-12-31,基隆市,賽德克族,20
不分平地山地,2011-12-31,基隆市,拉阿魯哇族,0
不分平地山地,2011-12-31,基隆市,卡那卡那富族,0
不分平地山地,2011-12-31,基隆市,尚未申報,357
不分平地山地,2011-12-31,新竹市,阿美族,1111
不分平地山地,2011-12-31,新竹市,泰雅族,981
不分平地山地,2011-12-31,新竹市,排灣族,261
不分平地山地,2011-12-31,新竹市,布農族,128
不分平地山地,2011-12-31,新竹市,魯凱族,26
不分平地山地,2011-12-31,新竹市,卑南族,41
不分平地山地,2011-12-31,新竹市,鄒族,14
不分平地山地,2011-12-31,新竹市,賽夏族,213
不分平地山地,2011-12-31,新竹市,雅美族,4
不分平地山地,2011-12-31,新竹市,邵族,2
不分平地山地,2011-12-31,新竹市,噶瑪蘭族,2
不分平地山地,2011-12-31,新竹市,太魯閣族,126
不分平地山地,2011-12-31,新竹市,撒奇萊雅族,1
不分平地山地,2011-12-31,新竹市,賽德克族,18
不分平地山地,2011-12-31,新竹市,拉阿魯哇族,0
不分平地山地,2011-12-31,新竹市,卡那卡那富族,0
不分平地山地,2011-12-31,新竹市,尚未申報,242
不分平地山地,2011-12-31,嘉義市,阿美族,165
不分平地山地,2011-12-31,嘉義市,泰雅族,64
不分平地山地,2011-12-31,嘉義市,排灣族,77
不分平地山地,2011-12-31,嘉義市,布農族,103
不分平地山地,2011-12-31,嘉義市,魯凱族,8
不分平地山地,2011-12-31,嘉義市,卑南族,39
不分平地山地,2011-12-31,嘉義市,鄒族,352
不分平地山地,2011-12-31,嘉義市,賽夏族,5
不分平地山地,2011-12-31,嘉義市,雅美族,2
不分平地山地,2011-12-31,嘉義市,邵族,1
不分平地山地,2011-12-31,嘉義市,噶瑪蘭族,4
不分平地山地,2011-12-31,嘉義市,太魯閣族,20
不分平地山地,2011-12-31,嘉義市,撒奇萊雅族,4
不分平地山地,2011-12-31,嘉義市,賽德克族,9
不分平地山地,2011-12-31,嘉義市,拉阿魯哇族,0
不分平地山地,2011-12-31,嘉義市,卡那卡那富族,0
不分平地山地,2011-12-31,嘉義市,尚未申報,41
不分平地山地,2011-12-31,金門縣,阿美族,267
不分平地山地,2011-12-31,金門縣,泰雅族,64
不分平地山地,2011-12-31,金門縣,排灣族,74
不分平地山地,2011-12-31,金門縣,布農族,59
不分平地山地,2011-12-31,金門縣,魯凱族,6
不分平地山地,2011-12-31,金門縣,卑南族,2
不分平地山地,2011-12-31,金門縣,鄒族,7
不分平地山地,2011-12-31,金門縣,賽夏族,7
不分平地山地,2011-12-31,金門縣,雅美族,0
不分平地山地,2011-12-31,金門縣,邵族,0
不分平地山地,2011-12-31,金門縣,噶瑪蘭族,0
不分平地山地,2011-12-31,金門縣,太魯閣族,24
不分平地山地,2011-12-31,金門縣,撒奇萊雅族,0
不分平地山地,2011-12-31,金門縣,賽德克族,1
不分平地山地,2011-12-31,金門縣,拉阿魯哇族,0
不分平地山地,2011-12-31,金門縣,卡那卡那富族,0
不分平地山地,2011-12-31,金門縣,尚未申報,37
不分平地山地,2011-12-31,連江縣,阿美族,52
不分平地山地,2011-12-31,連江縣,泰雅族,20
不分平地山地,2011-12-31,連江縣,排灣族,18
不分平地山地,2011-12-31,連江縣,布農族,13
不分平地山地,2011-12-31,連江縣,魯凱族,0
不分平地山地,2011-12-31,連江縣,卑南族,3
不分平地山地,2011-12-31,連江縣,鄒族,1
不分平地山地,2011-12-31,連江縣,賽夏族,1
不分平地山地,2011-12-31,連江縣,雅美族,1
不分平地山地,2011-12-31,連江縣,邵族,0
不分平地山地,2011-12-31,連江縣,噶瑪蘭族,0
不分平地山地,2011-12-31,連江縣,太魯閣族,16
不分平地山地,2011-12-31,連江縣,撒奇萊雅族,0
不分平地山地,2011-12-31,連江縣,賽德克族,1
不分平地山地,2011-12-31,連江縣,拉阿魯哇族,0
不分平地山地,2011-12-31,連江縣,卡那卡那富族,0
不分平地山地,2011-12-31,連江縣,尚未申報,3
不分平地山地,2013-12-31,新北市,阿美族,31174
不分平地山地,2013-12-31,新北市,泰雅族,6969
不分平地山地,2013-12-31,新北市,排灣族,4114
不分平地山地,2013-12-31,新北市,布農族,3482
不分平地山地,2013-12-31,新北市,魯凱族,508
不分平地山地,2013-12-31,新北市,卑南族,1179
不分平地山地,2013-12-31,新北市,鄒族,184
不分平地山地,2013-12-31,新北市,賽夏族,474
不分平地山地,2013-12-31,新北市,雅美族,68
不分平地山地,2013-12-31,新北市,邵族,43
不分平地山地,2013-12-31,新北市,噶瑪蘭族,273
不分平地山地,2013-12-31,新北市,太魯閣族,1840
不分平地山地,2013-12-31,新北市,撒奇萊雅族,38
不分平地山地,2013-12-31,新北市,賽德克族,201
不分平地山地,2013-12-31,新北市,拉阿魯哇族,0
不分平地山地,2013-12-31,新北市,卡那卡那富族,0
不分平地山地,2013-12-31,新北市,尚未申報,2345
不分平地山地,2013-12-31,臺北市,阿美族,7346
不分平地山地,2013-12-31,臺北市,泰雅族,2470
不分平地山地,2013-12-31,臺北市,排灣族,1416
不分平地山地,2013-12-31,臺北市,布農族,941
不分平地山地,2013-12-31,臺北市,魯凱族,221
不分平地山地,2013-12-31,臺北市,卑南族,431
不分平地山地,2013-12-31,臺北市,鄒族,157
不分平地山地,2013-12-31,臺北市,賽夏族,143
不分平地山地,2013-12-31,臺北市,雅美族,33
不分平地山地,2013-12-31,臺北市,邵族,19
不分平地山地,2013-12-31,臺北市,噶瑪蘭族,38
不分平地山地,2013-12-31,臺北市,太魯閣族,752
不分平地山地,2013-12-31,臺北市,撒奇萊雅族,23
不分平地山地,2013-12-31,臺北市,賽德克族,195
不分平地山地,2013-12-31,臺北市,拉阿魯哇族,0
不分平地山地,2013-12-31,臺北市,卡那卡那富族,0
不分平地山地,2013-12-31,臺北市,尚未申報,1050
不分平地山地,2013-12-31,臺中市,阿美族,8871
不分平地山地,2013-12-31,臺中市,泰雅族,8441
不分平地山地,2013-12-31,臺中市,排灣族,5960
不分平地山地,2013-12-31,臺中市,布農族,3865
不分平地山地,2013-12-31,臺中市,魯凱族,396
不分平地山地,2013-12-31,臺中市,卑南族,591
不分平地山地,2013-12-31,臺中市,鄒族,280
不分平地山地,2013-12-31,臺中市,賽夏族,184
不分平地山地,2013-12-31,臺中市,雅美族,60
不分平地山地,2013-12-31,臺中市,邵族,140
不分平地山地,2013-12-31,臺中市,噶瑪蘭族,39
不分平地山地,2013-12-31,臺中市,太魯閣族,543
不分平地山地,2013-12-31,臺中市,撒奇萊雅族,11
不分平地山地,2013-12-31,臺中市,賽德克族,510
不分平地山地,2013-12-31,臺中市,拉阿魯哇族,0
不分平地山地,2013-12-31,臺中市,卡那卡那富族,0
不分平地山地,2013-12-31,臺中市,尚未申報,569
不分平地山地,2013-12-31,臺南市,阿美族,2059
不分平地山地,2013-12-31,臺南市,泰雅族,582
不分平地山地,2013-12-31,臺南市,排灣族,2138
不分平地山地,2013-12-31,臺南市,布農族,925
不分平地山地,2013-12-31,臺南市,魯凱族,184
不分平地山地,2013-12-31,臺南市,卑南族,278
不分平地山地,2013-12-31,臺南市,鄒族,95
不分平地山地,2013-12-31,臺南市,賽夏族,21
不分平地山地,2013-12-31,臺南市,雅美族,12
不分平地山地,2013-12-31,臺南市,邵族,16
不分平地山地,2013-12-31,臺南市,噶瑪蘭族,11
不分平地山地,2013-12-31,臺南市,太魯閣族,207
不分平地山地,2013-12-31,臺南市,撒奇萊雅族,4
不分平地山地,2013-12-31,臺南市,賽德克族,44
不分平地山地,2013-12-31,臺南市,拉阿魯哇族,0
不分平地山地,2013-12-31,臺南市,卡那卡那富族,0
不分平地山地,2013-12-31,臺南市,尚未申報,173
不分平地山地,2013-12-31,高雄市,阿美族,8830
不分平地山地,2013-12-31,高雄市,泰雅族,1190
不分平地山地,2013-12-31,高雄市,排灣族,7811
不分平地山地,2013-12-31,高雄市,布農族,8862
不分平地山地,2013-12-31,高雄市,魯凱族,2537
不分平地山地,2013-12-31,高雄市,卑南族,678
不分平地山地,2013-12-31,高雄市,鄒族,1146
不分平地山地,2013-12-31,高雄市,賽夏族,48
不分平地山地,2013-12-31,高雄市,雅美族,31
不分平地山地,2013-12-31,高雄市,邵族,13
不分平地山地,2013-12-31,高雄市,噶瑪蘭族,23
不分平地山地,2013-12-31,高雄市,太魯閣族,468
不分平地山地,2013-12-31,高雄市,撒奇萊雅族,5
不分平地山地,2013-12-31,高雄市,賽德克族,79
不分平地山地,2013-12-31,高雄市,拉阿魯哇族,0
不分平地山地,2013-12-31,高雄市,卡那卡那富族,0
不分平地山地,2013-12-31,高雄市,尚未申報,157
不分平地山地,2013-12-31,宜蘭縣,阿美族,1866
不分平地山地,2013-12-31,宜蘭縣,泰雅族,12064
不分平地山地,2013-12-31,宜蘭縣,排灣族,273
不分平地山地,2013-12-31,宜蘭縣,布農族,272
不分平地山地,2013-12-31,宜蘭縣,魯凱族,49
不分平地山地,2013-12-31,宜蘭縣,卑南族,94
不分平地山地,2013-12-31,宜蘭縣,鄒族,21
不分平地山地,2013-12-31,宜蘭縣,賽夏族,16
不分平地山地,2013-12-31,宜蘭縣,雅美族,4
不分平地山地,2013-12-31,宜蘭縣,邵族,2
不分平地山地,2013-12-31,宜蘭縣,噶瑪蘭族,7
不分平地山地,2013-12-31,宜蘭縣,太魯閣族,406
不分平地山地,2013-12-31,宜蘭縣,撒奇萊雅族,4
不分平地山地,2013-12-31,宜蘭縣,賽德克族,30
不分平地山地,2013-12-31,宜蘭縣,拉阿魯哇族,0
不分平地山地,2013-12-31,宜蘭縣,卡那卡那富族,0
不分平地山地,2013-12-31,宜蘭縣,尚未申報,1024
不分平地山地,2013-12-31,桃園市,阿美族,30503
不分平地山地,2013-12-31,桃園市,泰雅族,18640
不分平地山地,2013-12-31,桃園市,排灣族,4824
不分平地山地,2013-12-31,桃園市,布農族,3695
不分平地山地,2013-12-31,桃園市,魯凱族,471
不分平地山地,2013-12-31,桃園市,卑南族,895
不分平地山地,2013-12-31,桃園市,鄒族,176
不分平地山地,2013-12-31,桃園市,賽夏族,947
不分平地山地,2013-12-31,桃園市,雅美族,66
不分平地山地,2013-12-31,桃園市,邵族,17
不分平地山地,2013-12-31,桃園市,噶瑪蘭族,124
不分平地山地,2013-12-31,桃園市,太魯閣族,1684
不分平地山地,2013-12-31,桃園市,撒奇萊雅族,72
不分平地山地,2013-12-31,桃園市,賽德克族,303
不分平地山地,2013-12-31,桃園市,拉阿魯哇族,0
不分平地山地,2013-12-31,桃園市,卡那卡那富族,0
不分平地山地,2013-12-31,桃園市,尚未申報,1795
不分平地山地,2013-12-31,新竹縣,阿美族,1645
不分平地山地,2013-12-31,新竹縣,泰雅族,15769
不分平地山地,2013-12-31,新竹縣,排灣族,477
不分平地山地,2013-12-31,新竹縣,布農族,355
不分平地山地,2013-12-31,新竹縣,魯凱族,59
不分平地山地,2013-12-31,新竹縣,卑南族,105
不分平地山地,2013-12-31,新竹縣,鄒族,25
不分平地山地,2013-12-31,新竹縣,賽夏族,1554
不分平地山地,2013-12-31,新竹縣,雅美族,17
不分平地山地,2013-12-31,新竹縣,邵族,9
不分平地山地,2013-12-31,新竹縣,噶瑪蘭族,10
不分平地山地,2013-12-31,新竹縣,太魯閣族,201
不分平地山地,2013-12-31,新竹縣,撒奇萊雅族,7
不分平地山地,2013-12-31,新竹縣,賽德克族,36
不分平地山地,2013-12-31,新竹縣,拉阿魯哇族,0
不分平地山地,2013-12-31,新竹縣,卡那卡那富族,0
不分平地山地,2013-12-31,新竹縣,尚未申報,391
不分平地山地,2013-12-31,苗栗縣,阿美族,1257
不分平地山地,2013-12-31,苗栗縣,泰雅族,6167
不分平地山地,2013-12-31,苗栗縣,排灣族,361
不分平地山地,2013-12-31,苗栗縣,布農族,318
不分平地山地,2013-12-31,苗栗縣,魯凱族,18
不分平地山地,2013-12-31,苗栗縣,卑南族,87
不分平地山地,2013-12-31,苗栗縣,鄒族,22
不分平地山地,2013-12-31,苗栗縣,賽夏族,2403
不分平地山地,2013-12-31,苗栗縣,雅美族,15
不分平地山地,2013-12-31,苗栗縣,邵族,16
不分平地山地,2013-12-31,苗栗縣,噶瑪蘭族,14
不分平地山地,2013-12-31,苗栗縣,太魯閣族,98
不分平地山地,2013-12-31,苗栗縣,撒奇萊雅族,3
不分平地山地,2013-12-31,苗栗縣,賽德克族,33
不分平地山地,2013-12-31,苗栗縣,拉阿魯哇族,0
不分平地山地,2013-12-31,苗栗縣,卡那卡那富族,0
不分平地山地,2013-12-31,苗栗縣,尚未申報,164
不分平地山地,2013-12-31,彰化縣,阿美族,1932
不分平地山地,2013-12-31,彰化縣,泰雅族,415
不分平地山地,2013-12-31,彰化縣,排灣族,1242
不分平地山地,2013-12-31,彰化縣,布農族,858
不分平地山地,2013-12-31,彰化縣,魯凱族,128
不分平地山地,2013-12-31,彰化縣,卑南族,183
不分平地山地,2013-12-31,彰化縣,鄒族,44
不分平地山地,2013-12-31,彰化縣,賽夏族,24
不分平地山地,2013-12-31,彰化縣,雅美族,11
不分平地山地,2013-12-31,彰化縣,邵族,23
不分平地山地,2013-12-31,彰化縣,噶瑪蘭族,23
不分平地山地,2013-12-31,彰化縣,太魯閣族,118
不分平地山地,2013-12-31,彰化縣,撒奇萊雅族,0
不分平地山地,2013-12-31,彰化縣,賽德克族,60
不分平地山地,2013-12-31,彰化縣,拉阿魯哇族,0
不分平地山地,2013-12-31,彰化縣,卡那卡那富族,0
不分平地山地,2013-12-31,彰化縣,尚未申報,160
不分平地山地,2013-12-31,南投縣,阿美族,864
不分平地山地,2013-12-31,南投縣,泰雅族,6145
不分平地山地,2013-12-31,南投縣,排灣族,439
不分平地山地,2013-12-31,南投縣,布農族,13869
不分平地山地,2013-12-31,南投縣,魯凱族,70
不分平地山地,2013-12-31,南投縣,卑南族,66
不分平地山地,2013-12-31,南投縣,鄒族,240
不分平地山地,2013-12-31,南投縣,賽夏族,54
不分平地山地,2013-12-31,南投縣,雅美族,6
不分平地山地,2013-12-31,南投縣,邵族,409
不分平地山地,2013-12-31,南投縣,噶瑪蘭族,3
不分平地山地,2013-12-31,南投縣,太魯閣族,107
不分平地山地,2013-12-31,南投縣,撒奇萊雅族,1
不分平地山地,2013-12-31,南投縣,賽德克族,6321
不分平地山地,2013-12-31,南投縣,拉阿魯哇族,0
不分平地山地,2013-12-31,南投縣,卡那卡那富族,0
不分平地山地,2013-12-31,南投縣,尚未申報,37
不分平地山地,2013-12-31,雲林縣,阿美族,877
不分平地山地,2013-12-31,雲林縣,泰雅族,265
不分平地山地,2013-12-31,雲林縣,排灣族,366
不分平地山地,2013-12-31,雲林縣,布農族,266
不分平地山地,2013-12-31,雲林縣,魯凱族,34
不分平地山地,2013-12-31,雲林縣,卑南族,42
不分平地山地,2013-12-31,雲林縣,鄒族,34
不分平地山地,2013-12-31,雲林縣,賽夏族,16
不分平地山地,2013-12-31,雲林縣,雅美族,3
不分平地山地,2013-12-31,雲林縣,邵族,2
不分平地山地,2013-12-31,雲林縣,噶瑪蘭族,3
不分平地山地,2013-12-31,雲林縣,太魯閣族,91
不分平地山地,2013-12-31,雲林縣,撒奇萊雅族,1
不分平地山地,2013-12-31,雲林縣,賽德克族,14
不分平地山地,2013-12-31,雲林縣,拉阿魯哇族,0
不分平地山地,2013-12-31,雲林縣,卡那卡那富族,0
不分平地山地,2013-12-31,雲林縣,尚未申報,86
不分平地山地,2013-12-31,嘉義縣,阿美族,523
不分平地山地,2013-12-31,嘉義縣,泰雅族,192
不分平地山地,2013-12-31,嘉義縣,排灣族,304
不分平地山地,2013-12-31,嘉義縣,布農族,290
不分平地山地,2013-12-31,嘉義縣,魯凱族,26
不分平地山地,2013-12-31,嘉義縣,卑南族,54
不分平地山地,2013-12-31,嘉義縣,鄒族,4099
不分平地山地,2013-12-31,嘉義縣,賽夏族,32
不分平地山地,2013-12-31,嘉義縣,雅美族,1
不分平地山地,2013-12-31,嘉義縣,邵族,20
不分平地山地,2013-12-31,嘉義縣,噶瑪蘭族,2
不分平地山地,2013-12-31,嘉義縣,太魯閣族,46
不分平地山地,2013-12-31,嘉義縣,撒奇萊雅族,1
不分平地山地,2013-12-31,嘉義縣,賽德克族,25
不分平地山地,2013-12-31,嘉義縣,拉阿魯哇族,0
不分平地山地,2013-12-31,嘉義縣,卡那卡那富族,0
不分平地山地,2013-12-31,嘉義縣,尚未申報,139
不分平地山地,2013-12-31,屏東縣,阿美族,1946
不分平地山地,2013-12-31,屏東縣,泰雅族,386
不分平地山地,2013-12-31,屏東縣,排灣族,47290
不分平地山地,2013-12-31,屏東縣,布農族,598
不分平地山地,2013-12-31,屏東縣,魯凱族,5825
不分平地山地,2013-12-31,屏東縣,卑南族,179
不分平地山地,2013-12-31,屏東縣,鄒族,77
不分平地山地,2013-12-31,屏東縣,賽夏族,28
不分平地山地,2013-12-31,屏東縣,雅美族,14
不分平地山地,2013-12-31,屏東縣,邵族,4
不分平地山地,2013-12-31,屏東縣,噶瑪蘭族,12
不分平地山地,2013-12-31,屏東縣,太魯閣族,124
不分平地山地,2013-12-31,屏東縣,撒奇萊雅族,4
不分平地山地,2013-12-31,屏東縣,賽德克族,14
不分平地山地,2013-12-31,屏東縣,拉阿魯哇族,0
不分平地山地,2013-12-31,屏東縣,卡那卡那富族,0
不分平地山地,2013-12-31,屏東縣,尚未申報,1133
不分平地山地,2013-12-31,臺東縣,阿美族,37041
不分平地山地,2013-12-31,臺東縣,泰雅族,433
不分平地山地,2013-12-31,臺東縣,排灣族,16437
不分平地山地,2013-12-31,臺東縣,布農族,8218
不分平地山地,2013-12-31,臺東縣,魯凱族,2039
不分平地山地,2013-12-31,臺東縣,卑南族,7608
不分平地山地,2013-12-31,臺東縣,鄒族,46
不分平地山地,2013-12-31,臺東縣,賽夏族,49
不分平地山地,2013-12-31,臺東縣,雅美族,4015
不分平地山地,2013-12-31,臺東縣,邵族,4
不分平地山地,2013-12-31,臺東縣,噶瑪蘭族,105
不分平地山地,2013-12-31,臺東縣,太魯閣族,167
不分平地山地,2013-12-31,臺東縣,撒奇萊雅族,4
不分平地山地,2013-12-31,臺東縣,賽德克族,26
不分平地山地,2013-12-31,臺東縣,拉阿魯哇族,0
不分平地山地,2013-12-31,臺東縣,卡那卡那富族,0
不分平地山地,2013-12-31,臺東縣,尚未申報,3094
不分平地山地,2013-12-31,花蓮縣,阿美族,51991
不分平地山地,2013-12-31,花蓮縣,泰雅族,2684
不分平地山地,2013-12-31,花蓮縣,排灣族,769
不分平地山地,2013-12-31,花蓮縣,布農族,7897
不分平地山地,2013-12-31,花蓮縣,魯凱族,62
不分平地山地,2013-12-31,花蓮縣,卑南族,427
不分平地山地,2013-12-31,花蓮縣,鄒族,35
不分平地山地,2013-12-31,花蓮縣,賽夏族,56
不分平地山地,2013-12-31,花蓮縣,雅美族,15
不分平地山地,2013-12-31,花蓮縣,邵族,0
不分平地山地,2013-12-31,花蓮縣,噶瑪蘭族,636
不分平地山地,2013-12-31,花蓮縣,太魯閣族,21845
不分平地山地,2013-12-31,花蓮縣,撒奇萊雅族,584
不分平地山地,2013-12-31,花蓮縣,賽德克族,783
不分平地山地,2013-12-31,花蓮縣,拉阿魯哇族,0
不分平地山地,2013-12-31,花蓮縣,卡那卡那富族,0
不分平地山地,2013-12-31,花蓮縣,尚未申報,3338
不分平地山地,2013-12-31,澎湖縣,阿美族,141
不分平地山地,2013-12-31,澎湖縣,泰雅族,56
不分平地山地,2013-12-31,澎湖縣,排灣族,82
不分平地山地,2013-12-31,澎湖縣,布農族,32
不分平地山地,2013-12-31,澎湖縣,魯凱族,6
不分平地山地,2013-12-31,澎湖縣,卑南族,19
不分平地山地,2013-12-31,澎湖縣,鄒族,9
不分平地山地,2013-12-31,澎湖縣,賽夏族,1
不分平地山地,2013-12-31,澎湖縣,雅美族,1
不分平地山地,2013-12-31,澎湖縣,邵族,0
不分平地山地,2013-12-31,澎湖縣,噶瑪蘭族,0
不分平地山地,2013-12-31,澎湖縣,太魯閣族,28
不分平地山地,2013-12-31,澎湖縣,撒奇萊雅族,0
不分平地山地,2013-12-31,澎湖縣,賽德克族,12
不分平地山地,2013-12-31,澎湖縣,拉阿魯哇族,0
不分平地山地,2013-12-31,澎湖縣,卡那卡那富族,0
不分平地山地,2013-12-31,澎湖縣,尚未申報,1
不分平地山地,2013-12-31,基隆市,阿美族,7153
不分平地山地,2013-12-31,基隆市,泰雅族,589
不分平地山地,2013-12-31,基隆市,排灣族,241
不分平地山地,2013-12-31,基隆市,布農族,247
不分平地山地,2013-12-31,基隆市,魯凱族,10
不分平地山地,2013-12-31,基隆市,卑南族,102
不分平地山地,2013-12-31,基隆市,鄒族,24
不分平地山地,2013-12-31,基隆市,賽夏族,15
不分平地山地,2013-12-31,基隆市,雅美族,8
不分平地山地,2013-12-31,基隆市,邵族,3
不分平地山地,2013-12-31,基隆市,噶瑪蘭族,10
不分平地山地,2013-12-31,基隆市,太魯閣族,189
不分平地山地,2013-12-31,基隆市,撒奇萊雅族,7
不分平地山地,2013-12-31,基隆市,賽德克族,24
不分平地山地,2013-12-31,基隆市,拉阿魯哇族,0
不分平地山地,2013-12-31,基隆市,卡那卡那富族,0
不分平地山地,2013-12-31,基隆市,尚未申報,290
不分平地山地,2013-12-31,新竹市,阿美族,1233
不分平地山地,2013-12-31,新竹市,泰雅族,1086
不分平地山地,2013-12-31,新竹市,排灣族,302
不分平地山地,2013-12-31,新竹市,布農族,161
不分平地山地,2013-12-31,新竹市,魯凱族,32
不分平地山地,2013-12-31,新竹市,卑南族,56
不分平地山地,2013-12-31,新竹市,鄒族,20
不分平地山地,2013-12-31,新竹市,賽夏族,236
不分平地山地,2013-12-31,新竹市,雅美族,3
不分平地山地,2013-12-31,新竹市,邵族,0
不分平地山地,2013-12-31,新竹市,噶瑪蘭族,2
不分平地山地,2013-12-31,新竹市,太魯閣族,129
不分平地山地,2013-12-31,新竹市,撒奇萊雅族,0
不分平地山地,2013-12-31,新竹市,賽德克族,27
不分平地山地,2013-12-31,新竹市,拉阿魯哇族,0
不分平地山地,2013-12-31,新竹市,卡那卡那富族,0
不分平地山地,2013-12-31,新竹市,尚未申報,202
不分平地山地,2013-12-31,嘉義市,阿美族,166
不分平地山地,2013-12-31,嘉義市,泰雅族,63
不分平地山地,2013-12-31,嘉義市,排灣族,86
不分平地山地,2013-12-31,嘉義市,布農族,105
不分平地山地,2013-12-31,嘉義市,魯凱族,11
不分平地山地,2013-12-31,嘉義市,卑南族,46
不分平地山地,2013-12-31,嘉義市,鄒族,340
不分平地山地,2013-12-31,嘉義市,賽夏族,5
不分平地山地,2013-12-31,嘉義市,雅美族,1
不分平地山地,2013-12-31,嘉義市,邵族,1
不分平地山地,2013-12-31,嘉義市,噶瑪蘭族,4
不分平地山地,2013-12-31,嘉義市,太魯閣族,22
不分平地山地,2013-12-31,嘉義市,撒奇萊雅族,6
不分平地山地,2013-12-31,嘉義市,賽德克族,9
不分平地山地,2013-12-31,嘉義市,拉阿魯哇族,0
不分平地山地,2013-12-31,嘉義市,卡那卡那富族,0
不分平地山地,2013-12-31,嘉義市,尚未申報,39
不分平地山地,2013-12-31,金門縣,阿美族,395
不分平地山地,2013-12-31,金門縣,泰雅族,104
不分平地山地,2013-12-31,金門縣,排灣族,107
不分平地山地,2013-12-31,金門縣,布農族,69
不分平地山地,2013-12-31,金門縣,魯凱族,12
不分平地山地,2013-12-31,金門縣,卑南族,6
不分平地山地,2013-12-31,金門縣,鄒族,12
不分平地山地,2013-12-31,金門縣,賽夏族,16
不分平地山地,2013-12-31,金門縣,雅美族,0
不分平地山地,2013-12-31,金門縣,邵族,1
不分平地山地,2013-12-31,金門縣,噶瑪蘭族,1
不分平地山地,2013-12-31,金門縣,太魯閣族,33
不分平地山地,2013-12-31,金門縣,撒奇萊雅族,0
不分平地山地,2013-12-31,金門縣,賽德克族,2
不分平地山地,2013-12-31,金門縣,拉阿魯哇族,0
不分平地山地,2013-12-31,金門縣,卡那卡那富族,0
不分平地山地,2013-12-31,金門縣,尚未申報,39
不分平地山地,2013-12-31,連江縣,阿美族,66
不分平地山地,2013-12-31,連江縣,泰雅族,32
不分平地山地,2013-12-31,連江縣,排灣族,26
不分平地山地,2013-12-31,連江縣,布農族,11
不分平地山地,2013-12-31,連江縣,魯凱族,1
不分平地山地,2013-12-31,連江縣,卑南族,3
不分平地山地,2013-12-31,連江縣,鄒族,2
不分平地山地,2013-12-31,連江縣,賽夏族,2
不分平地山地,2013-12-31,連江縣,雅美族,2
不分平地山地,2013-12-31,連江縣,邵族,0
不分平地山地,2013-12-31,連江縣,噶瑪蘭族,0
不分平地山地,2013-12-31,連江縣,太魯閣族,20
不分平地山地,2013-12-31,連江縣,撒奇萊雅族,0
不分平地山地,2013-12-31,連江縣,賽德克族,1
不分平地山地,2013-12-31,連江縣,拉阿魯哇族,0
不分平地山地,2013-12-31,連江縣,卡那卡那富族,0
不分平地山地,2013-12-31,連江縣,尚未申報,3
不分平地山地,2014-12-31,新北市,阿美族,31555
不分平地山地,2014-12-31,新北市,泰雅族,7036
不分平地山地,2014-12-31,新北市,排灣族,4169
不分平地山地,2014-12-31,新北市,布農族,3523
不分平地山地,2014-12-31,新北市,魯凱族,499
不分平地山地,2014-12-31,新北市,卑南族,1222
不分平地山地,2014-12-31,新北市,鄒族,186
不分平地山地,2014-12-31,新北市,賽夏族,481
不分平地山地,2014-12-31,新北市,雅美族,79
不分平地山地,2014-12-31,新北市,邵族,47
不分平地山地,2014-12-31,新北市,噶瑪蘭族,278
不分平地山地,2014-12-31,新北市,太魯閣族,1891
不分平地山地,2014-12-31,新北市,撒奇萊雅族,41
不分平地山地,2014-12-31,新北市,賽德克族,214
不分平地山地,2014-12-31,新北市,拉阿魯哇族,3
不分平地山地,2014-12-31,新北市,卡那卡那富族,0
不分平地山地,2014-12-31,新北市,尚未申報,2194
不分平地山地,2014-12-31,臺北市,阿美族,7519
不分平地山地,2014-12-31,臺北市,泰雅族,2541
不分平地山地,2014-12-31,臺北市,排灣族,1457
不分平地山地,2014-12-31,臺北市,布農族,967
不分平地山地,2014-12-31,臺北市,魯凱族,232
不分平地山地,2014-12-31,臺北市,卑南族,463
不分平地山地,2014-12-31,臺北市,鄒族,154
不分平地山地,2014-12-31,臺北市,賽夏族,149
不分平地山地,2014-12-31,臺北市,雅美族,39
不分平地山地,2014-12-31,臺北市,邵族,18
不分平地山地,2014-12-31,臺北市,噶瑪蘭族,41
不分平地山地,2014-12-31,臺北市,太魯閣族,785
不分平地山地,2014-12-31,臺北市,撒奇萊雅族,25
不分平地山地,2014-12-31,臺北市,賽德克族,210
不分平地山地,2014-12-31,臺北市,拉阿魯哇族,1
不分平地山地,2014-12-31,臺北市,卡那卡那富族,0
不分平地山地,2014-12-31,臺北市,尚未申報,980
不分平地山地,2014-12-31,臺中市,阿美族,9126
不分平地山地,2014-12-31,臺中市,泰雅族,8469
不分平地山地,2014-12-31,臺中市,排灣族,6020
不分平地山地,2014-12-31,臺中市,布農族,3956
不分平地山地,2014-12-31,臺中市,魯凱族,381
不分平地山地,2014-12-31,臺中市,卑南族,612
不分平地山地,2014-12-31,臺中市,鄒族,268
不分平地山地,2014-12-31,臺中市,賽夏族,187
不分平地山地,2014-12-31,臺中市,雅美族,59
不分平地山地,2014-12-31,臺中市,邵族,145
不分平地山地,2014-12-31,臺中市,噶瑪蘭族,41
不分平地山地,2014-12-31,臺中市,太魯閣族,555
不分平地山地,2014-12-31,臺中市,撒奇萊雅族,13
不分平地山地,2014-12-31,臺中市,賽德克族,566
不分平地山地,2014-12-31,臺中市,拉阿魯哇族,8
不分平地山地,2014-12-31,臺中市,卡那卡那富族,5
不分平地山地,2014-12-31,臺中市,尚未申報,537
不分平地山地,2014-12-31,臺南市,阿美族,2142
不分平地山地,2014-12-31,臺南市,泰雅族,583
不分平地山地,2014-12-31,臺南市,排灣族,2188
不分平地山地,2014-12-31,臺南市,布農族,963
不分平地山地,2014-12-31,臺南市,魯凱族,188
不分平地山地,2014-12-31,臺南市,卑南族,282
不分平地山地,2014-12-31,臺南市,鄒族,97
不分平地山地,2014-12-31,臺南市,賽夏族,24
不分平地山地,2014-12-31,臺南市,雅美族,13
不分平地山地,2014-12-31,臺南市,邵族,16
不分平地山地,2014-12-31,臺南市,噶瑪蘭族,14
不分平地山地,2014-12-31,臺南市,太魯閣族,217
不分平地山地,2014-12-31,臺南市,撒奇萊雅族,4
不分平地山地,2014-12-31,臺南市,賽德克族,55
不分平地山地,2014-12-31,臺南市,拉阿魯哇族,2
不分平地山地,2014-12-31,臺南市,卡那卡那富族,3
不分平地山地,2014-12-31,臺南市,尚未申報,166
不分平地山地,2014-12-31,高雄市,阿美族,8922
不分平地山地,2014-12-31,高雄市,泰雅族,1224
不分平地山地,2014-12-31,高雄市,排灣族,7920
不分平地山地,2014-12-31,高雄市,布農族,8905
不分平地山地,2014-12-31,高雄市,魯凱族,2560
不分平地山地,2014-12-31,高雄市,卑南族,705
不分平地山地,2014-12-31,高雄市,鄒族,853
不分平地山地,2014-12-31,高雄市,賽夏族,50
不分平地山地,2014-12-31,高雄市,雅美族,31
不分平地山地,2014-12-31,高雄市,邵族,14
不分平地山地,2014-12-31,高雄市,噶瑪蘭族,22
不分平地山地,2014-12-31,高雄市,太魯閣族,482
不分平地山地,2014-12-31,高雄市,撒奇萊雅族,5
不分平地山地,2014-12-31,高雄市,賽德克族,104
不分平地山地,2014-12-31,高雄市,拉阿魯哇族,193
不分平地山地,2014-12-31,高雄市,卡那卡那富族,114
不分平地山地,2014-12-31,高雄市,尚未申報,148
不分平地山地,2014-12-31,宜蘭縣,阿美族,1938
不分平地山地,2014-12-31,宜蘭縣,泰雅族,12392
不分平地山地,2014-12-31,宜蘭縣,排灣族,262
不分平地山地,2014-12-31,宜蘭縣,布農族,285
不分平地山地,2014-12-31,宜蘭縣,魯凱族,50
不分平地山地,2014-12-31,宜蘭縣,卑南族,101
不分平地山地,2014-12-31,宜蘭縣,鄒族,20
不分平地山地,2014-12-31,宜蘭縣,賽夏族,18
不分平地山地,2014-12-31,宜蘭縣,雅美族,3
不分平地山地,2014-12-31,宜蘭縣,邵族,2
不分平地山地,2014-12-31,宜蘭縣,噶瑪蘭族,8
不分平地山地,2014-12-31,宜蘭縣,太魯閣族,443
不分平地山地,2014-12-31,宜蘭縣,撒奇萊雅族,4
不分平地山地,2014-12-31,宜蘭縣,賽德克族,33
不分平地山地,2014-12-31,宜蘭縣,拉阿魯哇族,0
不分平地山地,2014-12-31,宜蘭縣,卡那卡那富族,0
不分平地山地,2014-12-31,宜蘭縣,尚未申報,964
不分平地山地,2014-12-31,桃園市,阿美族,31036
不分平地山地,2014-12-31,桃園市,泰雅族,18881
不分平地山地,2014-12-31,桃園市,排灣族,4972
不分平地山地,2014-12-31,桃園市,布農族,3804
不分平地山地,2014-12-31,桃園市,魯凱族,467
不分平地山地,2014-12-31,桃園市,卑南族,942
不分平地山地,2014-12-31,桃園市,鄒族,178
不分平地山地,2014-12-31,桃園市,賽夏族,976
不分平地山地,2014-12-31,桃園市,雅美族,90
不分平地山地,2014-12-31,桃園市,邵族,18
不分平地山地,2014-12-31,桃園市,噶瑪蘭族,137
不分平地山地,2014-12-31,桃園市,太魯閣族,1793
不分平地山地,2014-12-31,桃園市,撒奇萊雅族,90
不分平地山地,2014-12-31,桃園市,賽德克族,347
不分平地山地,2014-12-31,桃園市,拉阿魯哇族,0
不分平地山地,2014-12-31,桃園市,卡那卡那富族,0
不分平地山地,2014-12-31,桃園市,尚未申報,1709
不分平地山地,2014-12-31,新竹縣,阿美族,1754
不分平地山地,2014-12-31,新竹縣,泰雅族,15983
不分平地山地,2014-12-31,新竹縣,排灣族,495
不分平地山地,2014-12-31,新竹縣,布農族,383
不分平地山地,2014-12-31,新竹縣,魯凱族,61
不分平地山地,2014-12-31,新竹縣,卑南族,108
不分平地山地,2014-12-31,新竹縣,鄒族,26
不分平地山地,2014-12-31,新竹縣,賽夏族,1572
不分平地山地,2014-12-31,新竹縣,雅美族,19
不分平地山地,2014-12-31,新竹縣,邵族,9
不分平地山地,2014-12-31,新竹縣,噶瑪蘭族,9
不分平地山地,2014-12-31,新竹縣,太魯閣族,204
不分平地山地,2014-12-31,新竹縣,撒奇萊雅族,7
不分平地山地,2014-12-31,新竹縣,賽德克族,43
不分平地山地,2014-12-31,新竹縣,拉阿魯哇族,0
不分平地山地,2014-12-31,新竹縣,卡那卡那富族,0
不分平地山地,2014-12-31,新竹縣,尚未申報,365
不分平地山地,2014-12-31,苗栗縣,阿美族,1319
不分平地山地,2014-12-31,苗栗縣,泰雅族,6245
不分平地山地,2014-12-31,苗栗縣,排灣族,399
不分平地山地,2014-12-31,苗栗縣,布農族,336
不分平地山地,2014-12-31,苗栗縣,魯凱族,20
不分平地山地,2014-12-31,苗栗縣,卑南族,92
不分平地山地,2014-12-31,苗栗縣,鄒族,24
不分平地山地,2014-12-31,苗栗縣,賽夏族,2414
不分平地山地,2014-12-31,苗栗縣,雅美族,16
不分平地山地,2014-12-31,苗栗縣,邵族,11
不分平地山地,2014-12-31,苗栗縣,噶瑪蘭族,15
不分平地山地,2014-12-31,苗栗縣,太魯閣族,103
不分平地山地,2014-12-31,苗栗縣,撒奇萊雅族,3
不分平地山地,2014-12-31,苗栗縣,賽德克族,35
不分平地山地,2014-12-31,苗栗縣,拉阿魯哇族,0
不分平地山地,2014-12-31,苗栗縣,卡那卡那富族,0
不分平地山地,2014-12-31,苗栗縣,尚未申報,157
不分平地山地,2014-12-31,彰化縣,阿美族,1946
不分平地山地,2014-12-31,彰化縣,泰雅族,411
不分平地山地,2014-12-31,彰化縣,排灣族,1243
不分平地山地,2014-12-31,彰化縣,布農族,870
不分平地山地,2014-12-31,彰化縣,魯凱族,137
不分平地山地,2014-12-31,彰化縣,卑南族,184
不分平地山地,2014-12-31,彰化縣,鄒族,44
不分平地山地,2014-12-31,彰化縣,賽夏族,26
不分平地山地,2014-12-31,彰化縣,雅美族,10
不分平地山地,2014-12-31,彰化縣,邵族,23
不分平地山地,2014-12-31,彰化縣,噶瑪蘭族,23
不分平地山地,2014-12-31,彰化縣,太魯閣族,120
不分平地山地,2014-12-31,彰化縣,撒奇萊雅族,0
不分平地山地,2014-12-31,彰化縣,賽德克族,68
不分平地山地,2014-12-31,彰化縣,拉阿魯哇族,0
不分平地山地,2014-12-31,彰化縣,卡那卡那富族,0
不分平地山地,2014-12-31,彰化縣,尚未申報,145
不分平地山地,2014-12-31,南投縣,阿美族,882
不分平地山地,2014-12-31,南投縣,泰雅族,6062
不分平地山地,2014-12-31,南投縣,排灣族,451
不分平地山地,2014-12-31,南投縣,布農族,13919
不分平地山地,2014-12-31,南投縣,魯凱族,70
不分平地山地,2014-12-31,南投縣,卑南族,64
不分平地山地,2014-12-31,南投縣,鄒族,241
不分平地山地,2014-12-31,南投縣,賽夏族,51
不分平地山地,2014-12-31,南投縣,雅美族,6
不分平地山地,2014-12-31,南投縣,邵族,422
不分平地山地,2014-12-31,南投縣,噶瑪蘭族,4
不分平地山地,2014-12-31,南投縣,太魯閣族,109
不分平地山地,2014-12-31,南投縣,撒奇萊雅族,1
不分平地山地,2014-12-31,南投縣,賽德克族,6433
不分平地山地,2014-12-31,南投縣,拉阿魯哇族,0
不分平地山地,2014-12-31,南投縣,卡那卡那富族,0
不分平地山地,2014-12-31,南投縣,尚未申報,32
不分平地山地,2014-12-31,雲林縣,阿美族,909
不分平地山地,2014-12-31,雲林縣,泰雅族,290
不分平地山地,2014-12-31,雲林縣,排灣族,368
不分平地山地,2014-12-31,雲林縣,布農族,292
不分平地山地,2014-12-31,雲林縣,魯凱族,39
不分平地山地,2014-12-31,雲林縣,卑南族,45
不分平地山地,2014-12-31,雲林縣,鄒族,37
不分平地山地,2014-12-31,雲林縣,賽夏族,20
不分平地山地,2014-12-31,雲林縣,雅美族,5
不分平地山地,2014-12-31,雲林縣,邵族,0
不分平地山地,2014-12-31,雲林縣,噶瑪蘭族,4
不分平地山地,2014-12-31,雲林縣,太魯閣族,94
不分平地山地,2014-12-31,雲林縣,撒奇萊雅族,1
不分平地山地,2014-12-31,雲林縣,賽德克族,14
不分平地山地,2014-12-31,雲林縣,拉阿魯哇族,0
不分平地山地,2014-12-31,雲林縣,卡那卡那富族,0
不分平地山地,2014-12-31,雲林縣,尚未申報,78
不分平地山地,2014-12-31,嘉義縣,阿美族,534
不分平地山地,2014-12-31,嘉義縣,泰雅族,183
不分平地山地,2014-12-31,嘉義縣,排灣族,318
不分平地山地,2014-12-31,嘉義縣,布農族,298
不分平地山地,2014-12-31,嘉義縣,魯凱族,31
不分平地山地,2014-12-31,嘉義縣,卑南族,61
不分平地山地,2014-12-31,嘉義縣,鄒族,4095
不分平地山地,2014-12-31,嘉義縣,賽夏族,32
不分平地山地,2014-12-31,嘉義縣,雅美族,0
不分平地山地,2014-12-31,嘉義縣,邵族,20
不分平地山地,2014-12-31,嘉義縣,噶瑪蘭族,1
不分平地山地,2014-12-31,嘉義縣,太魯閣族,49
不分平地山地,2014-12-31,嘉義縣,撒奇萊雅族,1
不分平地山地,2014-12-31,嘉義縣,賽德克族,24
不分平地山地,2014-12-31,嘉義縣,拉阿魯哇族,0
不分平地山地,2014-12-31,嘉義縣,卡那卡那富族,0
不分平地山地,2014-12-31,嘉義縣,尚未申報,136
不分平地山地,2014-12-31,屏東縣,阿美族,2040
不分平地山地,2014-12-31,屏東縣,泰雅族,436
不分平地山地,2014-12-31,屏東縣,排灣族,47773
不分平地山地,2014-12-31,屏東縣,布農族,617
不分平地山地,2014-12-31,屏東縣,魯凱族,5921
不分平地山地,2014-12-31,屏東縣,卑南族,179
不分平地山地,2014-12-31,屏東縣,鄒族,73
不分平地山地,2014-12-31,屏東縣,賽夏族,28
不分平地山地,2014-12-31,屏東縣,雅美族,14
不分平地山地,2014-12-31,屏東縣,邵族,4
不分平地山地,2014-12-31,屏東縣,噶瑪蘭族,12
不分平地山地,2014-12-31,屏東縣,太魯閣族,125
不分平地山地,2014-12-31,屏東縣,撒奇萊雅族,4
不分平地山地,2014-12-31,屏東縣,賽德克族,18
不分平地山地,2014-12-31,屏東縣,拉阿魯哇族,4
不分平地山地,2014-12-31,屏東縣,卡那卡那富族,1
不分平地山地,2014-12-31,屏東縣,尚未申報,1084
不分平地山地,2014-12-31,臺東縣,阿美族,37200
不分平地山地,2014-12-31,臺東縣,泰雅族,455
不分平地山地,2014-12-31,臺東縣,排灣族,16610
不分平地山地,2014-12-31,臺東縣,布農族,8274
不分平地山地,2014-12-31,臺東縣,魯凱族,2057
不分平地山地,2014-12-31,臺東縣,卑南族,7660
不分平地山地,2014-12-31,臺東縣,鄒族,47
不分平地山地,2014-12-31,臺東縣,賽夏族,50
不分平地山地,2014-12-31,臺東縣,雅美族,4008
不分平地山地,2014-12-31,臺東縣,邵族,3
不分平地山地,2014-12-31,臺東縣,噶瑪蘭族,105
不分平地山地,2014-12-31,臺東縣,太魯閣族,182
不分平地山地,2014-12-31,臺東縣,撒奇萊雅族,4
不分平地山地,2014-12-31,臺東縣,賽德克族,28
不分平地山地,2014-12-31,臺東縣,拉阿魯哇族,2
不分平地山地,2014-12-31,臺東縣,卡那卡那富族,1
不分平地山地,2014-12-31,臺東縣,尚未申報,2936
不分平地山地,2014-12-31,花蓮縣,阿美族,52395
不分平地山地,2014-12-31,花蓮縣,泰雅族,2687
不分平地山地,2014-12-31,花蓮縣,排灣族,812
不分平地山地,2014-12-31,花蓮縣,布農族,7970
不分平地山地,2014-12-31,花蓮縣,魯凱族,70
不分平地山地,2014-12-31,花蓮縣,卑南族,425
不分平地山地,2014-12-31,花蓮縣,鄒族,38
不分平地山地,2014-12-31,花蓮縣,賽夏族,57
不分平地山地,2014-12-31,花蓮縣,雅美族,17
不分平地山地,2014-12-31,花蓮縣,邵族,0
不分平地山地,2014-12-31,花蓮縣,噶瑪蘭族,643
不分平地山地,2014-12-31,花蓮縣,太魯閣族,22133
不分平地山地,2014-12-31,花蓮縣,撒奇萊雅族,624
不分平地山地,2014-12-31,花蓮縣,賽德克族,808
不分平地山地,2014-12-31,花蓮縣,拉阿魯哇族,0
不分平地山地,2014-12-31,花蓮縣,卡那卡那富族,0
不分平地山地,2014-12-31,花蓮縣,尚未申報,2996
不分平地山地,2014-12-31,澎湖縣,阿美族,148
不分平地山地,2014-12-31,澎湖縣,泰雅族,60
不分平地山地,2014-12-31,澎湖縣,排灣族,93
不分平地山地,2014-12-31,澎湖縣,布農族,37
不分平地山地,2014-12-31,澎湖縣,魯凱族,7
不分平地山地,2014-12-31,澎湖縣,卑南族,22
不分平地山地,2014-12-31,澎湖縣,鄒族,7
不分平地山地,2014-12-31,澎湖縣,賽夏族,1
不分平地山地,2014-12-31,澎湖縣,雅美族,1
不分平地山地,2014-12-31,澎湖縣,邵族,0
不分平地山地,2014-12-31,澎湖縣,噶瑪蘭族,0
不分平地山地,2014-12-31,澎湖縣,太魯閣族,24
不分平地山地,2014-12-31,澎湖縣,撒奇萊雅族,0
不分平地山地,2014-12-31,澎湖縣,賽德克族,13
不分平地山地,2014-12-31,澎湖縣,拉阿魯哇族,0
不分平地山地,2014-12-31,澎湖縣,卡那卡那富族,0
不分平地山地,2014-12-31,澎湖縣,尚未申報,1
不分平地山地,2014-12-31,基隆市,阿美族,7206
不分平地山地,2014-12-31,基隆市,泰雅族,610
不分平地山地,2014-12-31,基隆市,排灣族,241
不分平地山地,2014-12-31,基隆市,布農族,241
不分平地山地,2014-12-31,基隆市,魯凱族,10
不分平地山地,2014-12-31,基隆市,卑南族,102
不分平地山地,2014-12-31,基隆市,鄒族,25
不分平地山地,2014-12-31,基隆市,賽夏族,15
不分平地山地,2014-12-31,基隆市,雅美族,8
不分平地山地,2014-12-31,基隆市,邵族,3
不分平地山地,2014-12-31,基隆市,噶瑪蘭族,11
不分平地山地,2014-12-31,基隆市,太魯閣族,190
不分平地山地,2014-12-31,基隆市,撒奇萊雅族,7
不分平地山地,2014-12-31,基隆市,賽德克族,23
不分平地山地,2014-12-31,基隆市,拉阿魯哇族,0
不分平地山地,2014-12-31,基隆市,卡那卡那富族,0
不分平地山地,2014-12-31,基隆市,尚未申報,279
不分平地山地,2014-12-31,新竹市,阿美族,1343
不分平地山地,2014-12-31,新竹市,泰雅族,1128
不分平地山地,2014-12-31,新竹市,排灣族,312
不分平地山地,2014-12-31,新竹市,布農族,165
不分平地山地,2014-12-31,新竹市,魯凱族,36
不分平地山地,2014-12-31,新竹市,卑南族,60
不分平地山地,2014-12-31,新竹市,鄒族,25
不分平地山地,2014-12-31,新竹市,賽夏族,237
不分平地山地,2014-12-31,新竹市,雅美族,5
不分平地山地,2014-12-31,新竹市,邵族,3
不分平地山地,2014-12-31,新竹市,噶瑪蘭族,3
不分平地山地,2014-12-31,新竹市,太魯閣族,145
不分平地山地,2014-12-31,新竹市,撒奇萊雅族,1
不分平地山地,2014-12-31,新竹市,賽德克族,31
不分平地山地,2014-12-31,新竹市,拉阿魯哇族,0
不分平地山地,2014-12-31,新竹市,卡那卡那富族,0
不分平地山地,2014-12-31,新竹市,尚未申報,194
不分平地山地,2014-12-31,嘉義市,阿美族,179
不分平地山地,2014-12-31,嘉義市,泰雅族,64
不分平地山地,2014-12-31,嘉義市,排灣族,92
不分平地山地,2014-12-31,嘉義市,布農族,106
不分平地山地,2014-12-31,嘉義市,魯凱族,11
不分平地山地,2014-12-31,嘉義市,卑南族,45
不分平地山地,2014-12-31,嘉義市,鄒族,345
不分平地山地,2014-12-31,嘉義市,賽夏族,5
不分平地山地,2014-12-31,嘉義市,雅美族,1
不分平地山地,2014-12-31,嘉義市,邵族,1
不分平地山地,2014-12-31,嘉義市,噶瑪蘭族,6
不分平地山地,2014-12-31,嘉義市,太魯閣族,28
不分平地山地,2014-12-31,嘉義市,撒奇萊雅族,6
不分平地山地,2014-12-31,嘉義市,賽德克族,9
不分平地山地,2014-12-31,嘉義市,拉阿魯哇族,0
不分平地山地,2014-12-31,嘉義市,卡那卡那富族,0
不分平地山地,2014-12-31,嘉義市,尚未申報,35
不分平地山地,2014-12-31,金門縣,阿美族,446
不分平地山地,2014-12-31,金門縣,泰雅族,110
不分平地山地,2014-12-31,金門縣,排灣族,110
不分平地山地,2014-12-31,金門縣,布農族,84
不分平地山地,2014-12-31,金門縣,魯凱族,14
不分平地山地,2014-12-31,金門縣,卑南族,10
不分平地山地,2014-12-31,金門縣,鄒族,13
不分平地山地,2014-12-31,金門縣,賽夏族,16
不分平地山地,2014-12-31,金門縣,雅美族,0
不分平地山地,2014-12-31,金門縣,邵族,1
不分平地山地,2014-12-31,金門縣,噶瑪蘭族,1
不分平地山地,2014-12-31,金門縣,太魯閣族,38
不分平地山地,2014-12-31,金門縣,撒奇萊雅族,1
不分平地山地,2014-12-31,金門縣,賽德克族,4
不分平地山地,2014-12-31,金門縣,拉阿魯哇族,0
不分平地山地,2014-12-31,金門縣,卡那卡那富族,1
不分平地山地,2014-12-31,金門縣,尚未申報,39
不分平地山地,2014-12-31,連江縣,阿美族,65
不分平地山地,2014-12-31,連江縣,泰雅族,38
不分平地山地,2014-12-31,連江縣,排灣族,29
不分平地山地,2014-12-31,連江縣,布農族,9
不分平地山地,2014-12-31,連江縣,魯凱族,0
不分平地山地,2014-12-31,連江縣,卑南族,3
不分平地山地,2014-12-31,連江縣,鄒族,5
不分平地山地,2014-12-31,連江縣,賽夏族,3
不分平地山地,2014-12-31,連江縣,雅美族,2
不分平地山地,2014-12-31,連江縣,邵族,0
不分平地山地,2014-12-31,連江縣,噶瑪蘭族,0
不分平地山地,2014-12-31,連江縣,太魯閣族,21
不分平地山地,2014-12-31,連江縣,撒奇萊雅族,0
不分平地山地,2014-12-31,連江縣,賽德克族,1
不分平地山地,2014-12-31,連江縣,拉阿魯哇族,0
不分平地山地,2014-12-31,連江縣,卡那卡那富族,0
不分平地山地,2014-12-31,連江縣,尚未申報,1
不分平地山地,2018-12-31,新北市,阿美族,32635
不分平地山地,2018-12-31,新北市,泰雅族,7349
不分平地山地,2018-12-31,新北市,排灣族,4388
不分平地山地,2018-12-31,新北市,布農族,3664
不分平地山地,2018-12-31,新北市,魯凱族,557
不分平地山地,2018-12-31,新北市,卑南族,1324
不分平地山地,2018-12-31,新北市,鄒族,207
不分平地山地,2018-12-31,新北市,賽夏族,515
不分平地山地,2018-12-31,新北市,雅美族,99
不分平地山地,2018-12-31,新北市,邵族,42
不分平地山地,2018-12-31,新北市,噶瑪蘭族,287
不分平地山地,2018-12-31,新北市,太魯閣族,2049
不分平地山地,2018-12-31,新北市,撒奇萊雅族,51
不分平地山地,2018-12-31,新北市,賽德克族,284
不分平地山地,2018-12-31,新北市,拉阿魯哇族,6
不分平地山地,2018-12-31,新北市,卡那卡那富族,0
不分平地山地,2018-12-31,新北市,尚未申報,1808
不分平地山地,2018-12-31,臺北市,阿美族,7937
不分平地山地,2018-12-31,臺北市,泰雅族,2802
不分平地山地,2018-12-31,臺北市,排灣族,1596
不分平地山地,2018-12-31,臺北市,布農族,1072
不分平地山地,2018-12-31,臺北市,魯凱族,247
不分平地山地,2018-12-31,臺北市,卑南族,488
不分平地山地,2018-12-31,臺北市,鄒族,175
不分平地山地,2018-12-31,臺北市,賽夏族,164
不分平地山地,2018-12-31,臺北市,雅美族,40
不分平地山地,2018-12-31,臺北市,邵族,25
不分平地山地,2018-12-31,臺北市,噶瑪蘭族,43
不分平地山地,2018-12-31,臺北市,太魯閣族,865
不分平地山地,2018-12-31,臺北市,撒奇萊雅族,33
不分平地山地,2018-12-31,臺北市,賽德克族,229
不分平地山地,2018-12-31,臺北市,拉阿魯哇族,1
不分平地山地,2018-12-31,臺北市,卡那卡那富族,1
不分平地山地,2018-12-31,臺北市,尚未申報,803
不分平地山地,2018-12-31,桃園市,阿美族,34732
不分平地山地,2018-12-31,桃園市,泰雅族,20515
不分平地山地,2018-12-31,桃園市,排灣族,5703
不分平地山地,2018-12-31,桃園市,布農族,4321
不分平地山地,2018-12-31,桃園市,魯凱族,491
不分平地山地,2018-12-31,桃園市,卑南族,1100
不分平地山地,2018-12-31,桃園市,鄒族,193
不分平地山地,2018-12-31,桃園市,賽夏族,1061
不分平地山地,2018-12-31,桃園市,雅美族,122
不分平地山地,2018-12-31,桃園市,邵族,31
不分平地山地,2018-12-31,桃園市,噶瑪蘭族,174
不分平地山地,2018-12-31,桃園市,太魯閣族,2192
不分平地山地,2018-12-31,桃園市,撒奇萊雅族,114
不分平地山地,2018-12-31,桃園市,賽德克族,442
不分平地山地,2018-12-31,桃園市,拉阿魯哇族,0
不分平地山地,2018-12-31,桃園市,卡那卡那富族,4
不分平地山地,2018-12-31,桃園市,尚未申報,1489
不分平地山地,2018-12-31,臺中市,阿美族,10125
不分平地山地,2018-12-31,臺中市,泰雅族,9108
不分平地山地,2018-12-31,臺中市,排灣族,6550
不分平地山地,2018-12-31,臺中市,布農族,4456
不分平地山地,2018-12-31,臺中市,魯凱族,397
不分平地山地,2018-12-31,臺中市,卑南族,698
不分平地山地,2018-12-31,臺中市,鄒族,281
不分平地山地,2018-12-31,臺中市,賽夏族,206
不分平地山地,2018-12-31,臺中市,雅美族,80
不分平地山地,2018-12-31,臺中市,邵族,145
不分平地山地,2018-12-31,臺中市,噶瑪蘭族,49
不分平地山地,2018-12-31,臺中市,太魯閣族,680
不分平地山地,2018-12-31,臺中市,撒奇萊雅族,16
不分平地山地,2018-12-31,臺中市,賽德克族,775
不分平地山地,2018-12-31,臺中市,拉阿魯哇族,14
不分平地山地,2018-12-31,臺中市,卡那卡那富族,23
不分平地山地,2018-12-31,臺中市,尚未申報,439
不分平地山地,2018-12-31,臺南市,阿美族,2427
不分平地山地,2018-12-31,臺南市,泰雅族,650
不分平地山地,2018-12-31,臺南市,排灣族,2435
不分平地山地,2018-12-31,臺南市,布農族,1082
不分平地山地,2018-12-31,臺南市,魯凱族,220
不分平地山地,2018-12-31,臺南市,卑南族,342
不分平地山地,2018-12-31,臺南市,鄒族,112
不分平地山地,2018-12-31,臺南市,賽夏族,29
不分平地山地,2018-12-31,臺南市,雅美族,14
不分平地山地,2018-12-31,臺南市,邵族,17
不分平地山地,2018-12-31,臺南市,噶瑪蘭族,14
不分平地山地,2018-12-31,臺南市,太魯閣族,266
不分平地山地,2018-12-31,臺南市,撒奇萊雅族,3
不分平地山地,2018-12-31,臺南市,賽德克族,69
不分平地山地,2018-12-31,臺南市,拉阿魯哇族,2
不分平地山地,2018-12-31,臺南市,卡那卡那富族,7
不分平地山地,2018-12-31,臺南市,尚未申報,130
不分平地山地,2018-12-31,高雄市,阿美族,9562
不分平地山地,2018-12-31,高雄市,泰雅族,1348
不分平地山地,2018-12-31,高雄市,排灣族,8731
不分平地山地,2018-12-31,高雄市,布農族,9138
不分平地山地,2018-12-31,高雄市,魯凱族,2635
不分平地山地,2018-12-31,高雄市,卑南族,790
不分平地山地,2018-12-31,高雄市,鄒族,603
不分平地山地,2018-12-31,高雄市,賽夏族,56
不分平地山地,2018-12-31,高雄市,雅美族,47
不分平地山地,2018-12-31,高雄市,邵族,16
不分平地山地,2018-12-31,高雄市,噶瑪蘭族,28
不分平地山地,2018-12-31,高雄市,太魯閣族,576
不分平地山地,2018-12-31,高雄市,撒奇萊雅族,9
不分平地山地,2018-12-31,高雄市,賽德克族,145
不分平地山地,2018-12-31,高雄市,拉阿魯哇族,331
不分平地山地,2018-12-31,高雄市,卡那卡那富族,276
不分平地山地,2018-12-31,高雄市,尚未申報,69
不分平地山地,2018-12-31,宜蘭縣,阿美族,2158
不分平地山地,2018-12-31,宜蘭縣,泰雅族,13029
不分平地山地,2018-12-31,宜蘭縣,排灣族,299
不分平地山地,2018-12-31,宜蘭縣,布農族,316
不分平地山地,2018-12-31,宜蘭縣,魯凱族,49
不分平地山地,2018-12-31,宜蘭縣,卑南族,116
不分平地山地,2018-12-31,宜蘭縣,鄒族,29
不分平地山地,2018-12-31,宜蘭縣,賽夏族,30
不分平地山地,2018-12-31,宜蘭縣,雅美族,4
不分平地山地,2018-12-31,宜蘭縣,邵族,5
不分平地山地,2018-12-31,宜蘭縣,噶瑪蘭族,10
不分平地山地,2018-12-31,宜蘭縣,太魯閣族,484
不分平地山地,2018-12-31,宜蘭縣,撒奇萊雅族,6
不分平地山地,2018-12-31,宜蘭縣,賽德克族,40
不分平地山地,2018-12-31,宜蘭縣,拉阿魯哇族,1
不分平地山地,2018-12-31,宜蘭縣,卡那卡那富族,1
不分平地山地,2018-12-31,宜蘭縣,尚未申報,515
不分平地山地,2018-12-31,新竹縣,阿美族,1880
不分平地山地,2018-12-31,新竹縣,泰雅族,16197
不分平地山地,2018-12-31,新竹縣,排灣族,508
不分平地山地,2018-12-31,新竹縣,布農族,420
不分平地山地,2018-12-31,新竹縣,魯凱族,64
不分平地山地,2018-12-31,新竹縣,卑南族,127
不分平地山地,2018-12-31,新竹縣,鄒族,40
不分平地山地,2018-12-31,新竹縣,賽夏族,1574
不分平地山地,2018-12-31,新竹縣,雅美族,22
不分平地山地,2018-12-31,新竹縣,邵族,9
不分平地山地,2018-12-31,新竹縣,噶瑪蘭族,6
不分平地山地,2018-12-31,新竹縣,太魯閣族,226
不分平地山地,2018-12-31,新竹縣,撒奇萊雅族,10
不分平地山地,2018-12-31,新竹縣,賽德克族,66
不分平地山地,2018-12-31,新竹縣,拉阿魯哇族,0
不分平地山地,2018-12-31,新竹縣,卡那卡那富族,1
不分平地山地,2018-12-31,新竹縣,尚未申報,311
不分平地山地,2018-12-31,苗栗縣,阿美族,1400
不分平地山地,2018-12-31,苗栗縣,泰雅族,6282
不分平地山地,2018-12-31,苗栗縣,排灣族,404
不分平地山地,2018-12-31,苗栗縣,布農族,371
不分平地山地,2018-12-31,苗栗縣,魯凱族,24
不分平地山地,2018-12-31,苗栗縣,卑南族,82
不分平地山地,2018-12-31,苗栗縣,鄒族,24
不分平地山地,2018-12-31,苗栗縣,賽夏族,2379
不分平地山地,2018-12-31,苗栗縣,雅美族,16
不分平地山地,2018-12-31,苗栗縣,邵族,12
不分平地山地,2018-12-31,苗栗縣,噶瑪蘭族,14
不分平地山地,2018-12-31,苗栗縣,太魯閣族,125
不分平地山地,2018-12-31,苗栗縣,撒奇萊雅族,2
不分平地山地,2018-12-31,苗栗縣,賽德克族,59
不分平地山地,2018-12-31,苗栗縣,拉阿魯哇族,2
不分平地山地,2018-12-31,苗栗縣,卡那卡那富族,0
不分平地山地,2018-12-31,苗栗縣,尚未申報,132
不分平地山地,2018-12-31,彰化縣,阿美族,2096
不分平地山地,2018-12-31,彰化縣,泰雅族,465
不分平地山地,2018-12-31,彰化縣,排灣族,1338
不分平地山地,2018-12-31,彰化縣,布農族,971
不分平地山地,2018-12-31,彰化縣,魯凱族,145
不分平地山地,2018-12-31,彰化縣,卑南族,206
不分平地山地,2018-12-31,彰化縣,鄒族,49
不分平地山地,2018-12-31,彰化縣,賽夏族,27
不分平地山地,2018-12-31,彰化縣,雅美族,12
不分平地山地,2018-12-31,彰化縣,邵族,25
不分平地山地,2018-12-31,彰化縣,噶瑪蘭族,24
不分平地山地,2018-12-31,彰化縣,太魯閣族,136
不分平地山地,2018-12-31,彰化縣,撒奇萊雅族,0
不分平地山地,2018-12-31,彰化縣,賽德克族,99
不分平地山地,2018-12-31,彰化縣,拉阿魯哇族,2
不分平地山地,2018-12-31,彰化縣,卡那卡那富族,6
不分平地山地,2018-12-31,彰化縣,尚未申報,92
不分平地山地,2018-12-31,南投縣,阿美族,971
不分平地山地,2018-12-31,南投縣,泰雅族,5916
不分平地山地,2018-12-31,南投縣,排灣族,490
不分平地山地,2018-12-31,南投縣,布農族,13991
不分平地山地,2018-12-31,南投縣,魯凱族,67
不分平地山地,2018-12-31,南投縣,卑南族,72
不分平地山地,2018-12-31,南投縣,鄒族,241
不分平地山地,2018-12-31,南投縣,賽夏族,47
不分平地山地,2018-12-31,南投縣,雅美族,5
不分平地山地,2018-12-31,南投縣,邵族,422
不分平地山地,2018-12-31,南投縣,噶瑪蘭族,3
不分平地山地,2018-12-31,南投縣,太魯閣族,115
不分平地山地,2018-12-31,南投縣,撒奇萊雅族,3
不分平地山地,2018-12-31,南投縣,賽德克族,6693
不分平地山地,2018-12-31,南投縣,拉阿魯哇族,8
不分平地山地,2018-12-31,南投縣,卡那卡那富族,2
不分平地山地,2018-12-31,南投縣,尚未申報,15
不分平地山地,2018-12-31,雲林縣,阿美族,986
不分平地山地,2018-12-31,雲林縣,泰雅族,311
不分平地山地,2018-12-31,雲林縣,排灣族,405
不分平地山地,2018-12-31,雲林縣,布農族,321
不分平地山地,2018-12-31,雲林縣,魯凱族,52
不分平地山地,2018-12-31,雲林縣,卑南族,64
不分平地山地,2018-12-31,雲林縣,鄒族,37
不分平地山地,2018-12-31,雲林縣,賽夏族,25
不分平地山地,2018-12-31,雲林縣,雅美族,9
不分平地山地,2018-12-31,雲林縣,邵族,0
不分平地山地,2018-12-31,雲林縣,噶瑪蘭族,3
不分平地山地,2018-12-31,雲林縣,太魯閣族,111
不分平地山地,2018-12-31,雲林縣,撒奇萊雅族,2
不分平地山地,2018-12-31,雲林縣,賽德克族,24
不分平地山地,2018-12-31,雲林縣,拉阿魯哇族,2
不分平地山地,2018-12-31,雲林縣,卡那卡那富族,1
不分平地山地,2018-12-31,雲林縣,尚未申報,69
不分平地山地,2018-12-31,嘉義縣,阿美族,590
不分平地山地,2018-12-31,嘉義縣,泰雅族,197
不分平地山地,2018-12-31,嘉義縣,排灣族,345
不分平地山地,2018-12-31,嘉義縣,布農族,295
不分平地山地,2018-12-31,嘉義縣,魯凱族,35
不分平地山地,2018-12-31,嘉義縣,卑南族,68
不分平地山地,2018-12-31,嘉義縣,鄒族,4038
不分平地山地,2018-12-31,嘉義縣,賽夏族,32
不分平地山地,2018-12-31,嘉義縣,雅美族,3
不分平地山地,2018-12-31,嘉義縣,邵族,20
不分平地山地,2018-12-31,嘉義縣,噶瑪蘭族,0
不分平地山地,2018-12-31,嘉義縣,太魯閣族,60
不分平地山地,2018-12-31,嘉義縣,撒奇萊雅族,1
不分平地山地,2018-12-31,嘉義縣,賽德克族,34
不分平地山地,2018-12-31,嘉義縣,拉阿魯哇族,3
不分平地山地,2018-12-31,嘉義縣,卡那卡那富族,0
不分平地山地,2018-12-31,嘉義縣,尚未申報,95
不分平地山地,2018-12-31,屏東縣,阿美族,2274
不分平地山地,2018-12-31,屏東縣,泰雅族,462
不分平地山地,2018-12-31,屏東縣,排灣族,48692
不分平地山地,2018-12-31,屏東縣,布農族,726
不分平地山地,2018-12-31,屏東縣,魯凱族,6062
不分平地山地,2018-12-31,屏東縣,卑南族,213
不分平地山地,2018-12-31,屏東縣,鄒族,66
不分平地山地,2018-12-31,屏東縣,賽夏族,30
不分平地山地,2018-12-31,屏東縣,雅美族,12
不分平地山地,2018-12-31,屏東縣,邵族,5
不分平地山地,2018-12-31,屏東縣,噶瑪蘭族,13
不分平地山地,2018-12-31,屏東縣,太魯閣族,171
不分平地山地,2018-12-31,屏東縣,撒奇萊雅族,5
不分平地山地,2018-12-31,屏東縣,賽德克族,24
不分平地山地,2018-12-31,屏東縣,拉阿魯哇族,19
不分平地山地,2018-12-31,屏東縣,卡那卡那富族,6
不分平地山地,2018-12-31,屏東縣,尚未申報,746
不分平地山地,2018-12-31,臺東縣,阿美族,36636
不分平地山地,2018-12-31,臺東縣,泰雅族,509
不分平地山地,2018-12-31,臺東縣,排灣族,16882
不分平地山地,2018-12-31,臺東縣,布農族,8336
不分平地山地,2018-12-31,臺東縣,魯凱族,2107
不分平地山地,2018-12-31,臺東縣,卑南族,7708
不分平地山地,2018-12-31,臺東縣,鄒族,43
不分平地山地,2018-12-31,臺東縣,賽夏族,54
不分平地山地,2018-12-31,臺東縣,雅美族,4079
不分平地山地,2018-12-31,臺東縣,邵族,1
不分平地山地,2018-12-31,臺東縣,噶瑪蘭族,109
不分平地山地,2018-12-31,臺東縣,太魯閣族,213
不分平地山地,2018-12-31,臺東縣,撒奇萊雅族,7
不分平地山地,2018-12-31,臺東縣,賽德克族,26
不分平地山地,2018-12-31,臺東縣,拉阿魯哇族,2
不分平地山地,2018-12-31,臺東縣,卡那卡那富族,1
不分平地山地,2018-12-31,臺東縣,尚未申報,2411
不分平地山地,2018-12-31,花蓮縣,阿美族,52971
不分平地山地,2018-12-31,花蓮縣,泰雅族,2701
不分平地山地,2018-12-31,花蓮縣,排灣族,891
不分平地山地,2018-12-31,花蓮縣,布農族,8193
不分平地山地,2018-12-31,花蓮縣,魯凱族,70
不分平地山地,2018-12-31,花蓮縣,卑南族,477
不分平地山地,2018-12-31,花蓮縣,鄒族,37
不分平地山地,2018-12-31,花蓮縣,賽夏族,64
不分平地山地,2018-12-31,花蓮縣,雅美族,20
不分平地山地,2018-12-31,花蓮縣,邵族,0
不分平地山地,2018-12-31,花蓮縣,噶瑪蘭族,657
不分平地山地,2018-12-31,花蓮縣,太魯閣族,22722
不分平地山地,2018-12-31,花蓮縣,撒奇萊雅族,651
不分平地山地,2018-12-31,花蓮縣,賽德克族,883
不分平地山地,2018-12-31,花蓮縣,拉阿魯哇族,4
不分平地山地,2018-12-31,花蓮縣,卡那卡那富族,0
不分平地山地,2018-12-31,花蓮縣,尚未申報,2499
不分平地山地,2018-12-31,澎湖縣,阿美族,206
不分平地山地,2018-12-31,澎湖縣,泰雅族,83
不分平地山地,2018-12-31,澎湖縣,排灣族,123
不分平地山地,2018-12-31,澎湖縣,布農族,52
不分平地山地,2018-12-31,澎湖縣,魯凱族,12
不分平地山地,2018-12-31,澎湖縣,卑南族,22
不分平地山地,2018-12-31,澎湖縣,鄒族,6
不分平地山地,2018-12-31,澎湖縣,賽夏族,2
不分平地山地,2018-12-31,澎湖縣,雅美族,3
不分平地山地,2018-12-31,澎湖縣,邵族,1
不分平地山地,2018-12-31,澎湖縣,噶瑪蘭族,0
不分平地山地,2018-12-31,澎湖縣,太魯閣族,16
不分平地山地,2018-12-31,澎湖縣,撒奇萊雅族,0
不分平地山地,2018-12-31,澎湖縣,賽德克族,12
不分平地山地,2018-12-31,澎湖縣,拉阿魯哇族,0
不分平地山地,2018-12-31,澎湖縣,卡那卡那富族,3
不分平地山地,2018-12-31,澎湖縣,尚未申報,1
不分平地山地,2018-12-31,基隆市,阿美族,7482
不分平地山地,2018-12-31,基隆市,泰雅族,652
不分平地山地,2018-12-31,基隆市,排灣族,268
不分平地山地,2018-12-31,基隆市,布農族,249
不分平地山地,2018-12-31,基隆市,魯凱族,15
不分平地山地,2018-12-31,基隆市,卑南族,105
不分平地山地,2018-12-31,基隆市,鄒族,30
不分平地山地,2018-12-31,基隆市,賽夏族,20
不分平地山地,2018-12-31,基隆市,雅美族,9
不分平地山地,2018-12-31,基隆市,邵族,3
不分平地山地,2018-12-31,基隆市,噶瑪蘭族,12
不分平地山地,2018-12-31,基隆市,太魯閣族,221
不分平地山地,2018-12-31,基隆市,撒奇萊雅族,7
不分平地山地,2018-12-31,基隆市,賽德克族,32
不分平地山地,2018-12-31,基隆市,拉阿魯哇族,2
不分平地山地,2018-12-31,基隆市,卡那卡那富族,0
不分平地山地,2018-12-31,基隆市,尚未申報,255
不分平地山地,2018-12-31,新竹市,阿美族,1496
不分平地山地,2018-12-31,新竹市,泰雅族,1234
不分平地山地,2018-12-31,新竹市,排灣族,363
不分平地山地,2018-12-31,新竹市,布農族,179
不分平地山地,2018-12-31,新竹市,魯凱族,33
不分平地山地,2018-12-31,新竹市,卑南族,82
不分平地山地,2018-12-31,新竹市,鄒族,20
不分平地山地,2018-12-31,新竹市,賽夏族,267
不分平地山地,2018-12-31,新竹市,雅美族,8
不分平地山地,2018-12-31,新竹市,邵族,4
不分平地山地,2018-12-31,新竹市,噶瑪蘭族,4
不分平地山地,2018-12-31,新竹市,太魯閣族,169
不分平地山地,2018-12-31,新竹市,撒奇萊雅族,2
不分平地山地,2018-12-31,新竹市,賽德克族,36
不分平地山地,2018-12-31,新竹市,拉阿魯哇族,0
不分平地山地,2018-12-31,新竹市,卡那卡那富族,0
不分平地山地,2018-12-31,新竹市,尚未申報,140
不分平地山地,2018-12-31,嘉義市,阿美族,237
不分平地山地,2018-12-31,嘉義市,泰雅族,85
不分平地山地,2018-12-31,嘉義市,排灣族,113
不分平地山地,2018-12-31,嘉義市,布農族,116
不分平地山地,2018-12-31,嘉義市,魯凱族,17
不分平地山地,2018-12-31,嘉義市,卑南族,38
不分平地山地,2018-12-31,嘉義市,鄒族,382
不分平地山地,2018-12-31,嘉義市,賽夏族,7
不分平地山地,2018-12-31,嘉義市,雅美族,0
不分平地山地,2018-12-31,嘉義市,邵族,1
不分平地山地,2018-12-31,嘉義市,噶瑪蘭族,11
不分平地山地,2018-12-31,嘉義市,太魯閣族,28
不分平地山地,2018-12-31,嘉義市,撒奇萊雅族,6
不分平地山地,2018-12-31,嘉義市,賽德克族,11
不分平地山地,2018-12-31,嘉義市,拉阿魯哇族,0
不分平地山地,2018-12-31,嘉義市,卡那卡那富族,1
不分平地山地,2018-12-31,嘉義市,尚未申報,11
不分平地山地,2018-12-31,金門縣,阿美族,543
不分平地山地,2018-12-31,金門縣,泰雅族,131
不分平地山地,2018-12-31,金門縣,排灣族,135
不分平地山地,2018-12-31,金門縣,布農族,105
不分平地山地,2018-12-31,金門縣,魯凱族,15
不分平地山地,2018-12-31,金門縣,卑南族,15
不分平地山地,2018-12-31,金門縣,鄒族,17
不分平地山地,2018-12-31,金門縣,賽夏族,17
不分平地山地,2018-12-31,金門縣,雅美族,0
不分平地山地,2018-12-31,金門縣,邵族,1
不分平地山地,2018-12-31,金門縣,噶瑪蘭族,3
不分平地山地,2018-12-31,金門縣,太魯閣族,53
不分平地山地,2018-12-31,金門縣,撒奇萊雅族,1
不分平地山地,2018-12-31,金門縣,賽德克族,7
不分平地山地,2018-12-31,金門縣,拉阿魯哇族,0
不分平地山地,2018-12-31,金門縣,卡那卡那富族,1
不分平地山地,2018-12-31,金門縣,尚未申報,21
不分平地山地,2018-12-31,連江縣,阿美族,86
不分平地山地,2018-12-31,連江縣,泰雅族,33
不分平地山地,2018-12-31,連江縣,排灣族,30
不分平地山地,2018-12-31,連江縣,布農族,16
不分平地山地,2018-12-31,連江縣,魯凱族,0
不分平地山地,2018-12-31,連江縣,卑南族,3
不分平地山地,2018-12-31,連江縣,鄒族,5
不分平地山地,2018-12-31,連江縣,賽夏族,1
不分平地山地,2018-12-31,連江縣,雅美族,2
不分平地山地,2018-12-31,連江縣,邵族,0
不分平地山地,2018-12-31,連江縣,噶瑪蘭族,1
不分平地山地,2018-12-31,連江縣,太魯閣族,23
不分平地山地,2018-12-31,連江縣,撒奇萊雅族,0
不分平地山地,2018-12-31,連江縣,賽德克族,2
不分平地山地,2018-12-31,連江縣,拉阿魯哇族,0
不分平地山地,2018-12-31,連江縣,卡那卡那富族,0
不分平地山地,2018-12-31,連江縣,尚未申報,1
